rep,path,seed,n_blocks,sha256
1,data\ground_truth_study2\rep_01_ground_truth.csv,20260715001,6,553fc77ee0e80a953b9c0ab7187fc18e87adca4270f810c7c447645205fc7dc3
2,data\ground_truth_study2\rep_02_ground_truth.csv,20260715002,6,878517ed269ab7109c6b5ad81c8f0bc021a2c3b401eddb8bf8da26d9e1b7c329
3,data\ground_truth_study2\rep_03_ground_truth.csv,20260715003,6,5d07b9d702c5ba64a43fa53f051d415085d3466bd6fc3e6eedc54e8967b2e553
4,data\ground_truth_study2\rep_04_ground_truth.csv,20260715004,6,ff53a1151f9e77b58337e83225a27cd545d55aa177ad1ea51b06ef38ef1954ed
5,data\ground_truth_study2\rep_05_ground_truth.csv,20260715005,6,389cb258a5edbf446601bf860a2701f08051a24efb3bd23406d2131d33b5c78e
6,data\ground_truth_study2\rep_06_ground_truth.csv,20260715006,6,4e1a3162ec51dac759595ecabb460cf713f7e47f97818ecfe147a154d1991cd5
7,data\ground_truth_study2\rep_07_ground_truth.csv,20260715007,6,a8e987795ed7252548f84333887fd97fc1104820b43c633161b384b173da0241
8,data\ground_truth_study2\rep_08_ground_truth.csv,20260715008,7,35798d39466ee3e569cb8ab15744c328ae46f4f98871227bfb6a75367383fa7b
9,data\ground_truth_study2\rep_09_ground_truth.csv,20260715009,6,366b5c3b0e3c81ff741af298e29ce33b41324304c782c1697ae89029d0b4339c
10,data\ground_truth_study2\rep_10_ground_truth.csv,20260715010,6,5efee83a66742f4a793a5c192af90cde4ab5187eadb69b7df8bbd52b07f76fab
11,data\ground_truth_study2\rep_11_ground_truth.csv,20260715011,6,145f42e0ba3d202a79d94fbae9c436fb8d18bc6683364566a4a5bb1d0bc344f2
12,data\ground_truth_study2\rep_12_ground_truth.csv,20260715012,6,e477e685308e1ef22b36b934d2a2c84d495b49c20c585fb50edc615df4305e41
13,data\ground_truth_study2\rep_13_ground_truth.csv,20260715013,6,d58df4426b79355e13c011281b2d831fedffa560de2850edb66d9b9b5fb3c1f4
14,data\ground_truth_study2\rep_14_ground_truth.csv,20260715014,6,1e637d96a98df3cbbb82f394af90324c40a24d9278f3a883ced2a161fdc3257c
15,data\ground_truth_study2\rep_15_ground_truth.csv,20260715015,6,d8742cd331fc23f49ef36940d450db6038349533dcf734898e4e227b64ffdc86
16,data\ground_truth_study2\rep_16_ground_truth.csv,20260715016,6,5d39bef1c2dbbfa6009840be6fb0af7c8875793949e90b3f282b2b7b2809dcbb
17,data\ground_truth_study2\rep_17_ground_truth.csv,20260715017,6,c3c55970ec89255b3d8d104b8d3109c0f124b149262c3710eac15b510c6960ef
18,data\ground_truth_study2\rep_18_ground_truth.csv,20260715018,6,fffbd9a933f0b6992434ee32d0254f6dd48170496a3f662718239fb946cf70f7
19,data\ground_truth_study2\rep_19_ground_truth.csv,20260715019,6,685e45c39bf5bd5f7f9c3c087f152e5d141c4c694989fcdfce1fd23bf43f6139
20,data\ground_truth_study2\rep_20_ground_truth.csv,20260715020,6,86251cc84d6562cfb8b38f70298e0f7e7c03aadefe1d965f7126f4564fd067d7
21,data\ground_truth_study2\rep_21_ground_truth.csv,20260715021,6,e4adfba3e7111224a15613ed5b39e6504e7471c78b05dec1d3ab4b2dccba044b
22,data\ground_truth_study2\rep_22_ground_truth.csv,20260715022,6,903ff9e44060bdbfe4dbfae43be036292af9e7e4d21457d0e3bd70eebf3aebee
23,data\ground_truth_study2\rep_23_ground_truth.csv,20260715023,7,0aab3464ac5493549b8ad41b5ea5a951b3f51d38a18d3d24526a1df0869271a9
24,data\ground_truth_study2\rep_24_ground_truth.csv,20260715024,6,120e1ec31d2ac72782e8f8099379fc3c6d1a2f82338a634e90b41fc48dbe8c4c
25,data\ground_truth_study2\rep_25_ground_truth.csv,20260715025,6,da96c20f1f0b5d1ade39d9f6b9ae00100f8c36eb8e91750bb785651f3e1a3b55
26,data\ground_truth_study2\rep_26_ground_truth.csv,20260715026,6,6d14a40b2adc6f5b32243d627a18112478af3dcbc9df287eaa5eb45218310967
27,data\ground_truth_study2\rep_27_ground_truth.csv,20260715027,6,12f2215ca7899e04bfaa8a2caa50fb02b4dad9a0f9eda7aa421a60347e071ca7
28,data\ground_truth_study2\rep_28_ground_truth.csv,20260715028,7,564b67856afc66796babd247eb1b5c4feb8d21b6cfc4de83ac79f7d1788f7277
29,data\ground_truth_study2\rep_29_ground_truth.csv,20260715029,6,02984f364310a91368f9fd95b91ad36d7b2fc785c9b1416104a22d4c8ff2700a
30,data\ground_truth_study2\rep_30_ground_truth.csv,20260715030,6,22649abc69bbecfc9c25dcb9f2aace6ced537fb95addf1439cbc2b1491624ce1
31,data\ground_truth_study2\rep_31_ground_truth.csv,20260715031,6,767d063eabc52e85ddd71b9811cb3fe864a5043605af57dc8080e86749a22db9
32,data\ground_truth_study2\rep_32_ground_truth.csv,20260715032,6,40cf20f2e3bb4c924ceb1cec59f7163d6228f20677d7f6defb4d6771d4fb0919
33,data\ground_truth_study2\rep_33_ground_truth.csv,20260715033,6,6165acf7bf5be93d94dcaf4932383f47da650f15b6c0d1c8500ac6185b869f97
34,data\ground_truth_study2\rep_34_ground_truth.csv,20260715034,6,a8b56f913b5ff1cde353878f42f0bb8c645bf62d6998b9fcab7ba5f8104211b8
35,data\ground_truth_study2\rep_35_ground_truth.csv,20260715035,6,b8813a2aea839c4eac0431c45d856150f16082be3b01aef3912e9c8f2e324406
36,data\ground_truth_study2\rep_36_ground_truth.csv,20260715036,6,0c85cb3a900ce52ead13d070312cb67a2b18b23c7cfd39457591330884a90a8e
37,data\ground_truth_study2\rep_37_ground_truth.csv,20260715037,6,bd861ed121ec9b9ba1efbe2e2dc3bbd3cf34b4ecd04df89dd43a21c9aff1f855
38,data\ground_truth_study2\rep_38_ground_truth.csv,20260715038,6,6dbd7828d24416e2c558fcb87a29e12fbf7368f5d637f21c1b56f7e33a929735
39,data\ground_truth_study2\rep_39_ground_truth.csv,20260715039,5,d8a680e696985bd3ae2475cb70df2194feb2dc281d8432d3dc89e2dda9cd5b66
40,data\ground_truth_study2\rep_40_ground_truth.csv,20260715040,6,7dccfcd3c88a5695b4b964a177fa3819452744e2d2b16fff032bd2c17fa5b023
41,data\ground_truth_study2\rep_41_ground_truth.csv,20260715041,6,82b27e3eb98853ae8647fc69e216a3a922752f3aef5faf23e38fcc69b178e432
42,data\ground_truth_study2\rep_42_ground_truth.csv,20260715042,6,8d89b377caa1504b277d2cd62f32397183ca0dcebaa6a089033912f120bde7e2
43,data\ground_truth_study2\rep_43_ground_truth.csv,20260715043,7,b8f9437cb5926bddd6f96a3a8f87587721f76e37ff0cc5a93c7990ce4239af7c
44,data\ground_truth_study2\rep_44_ground_truth.csv,20260715044,6,81de07e38b6846ca5aeda7e71b34c08476b39f7f455c75ca68abcdddecabe54c
45,data\ground_truth_study2\rep_45_ground_truth.csv,20260715045,6,e3556842be97bcdae16d9d4e8173723a9ab43d333448298f1e216be56937fa47
46,data\ground_truth_study2\rep_46_ground_truth.csv,20260715046,6,81edd1ff65161e33ce24158d952b7931971f871d906754788bb8e90273488b9d
47,data\ground_truth_study2\rep_47_ground_truth.csv,20260715047,6,d9a8ff3d76ef4cae736e031f7516a53c5ef4c131f5a0b3fcd3a5c194928310ce
48,data\ground_truth_study2\rep_48_ground_truth.csv,20260715048,6,e364203dea1f73c7238aa5ff0e047724cf4d352274d3acd8d471cf6f68816320
49,data\ground_truth_study2\rep_49_ground_truth.csv,20260715049,7,2023e817265e04d0fea1d015a1c67b21a9dd1601e72d738ede87f83618be6017
50,data\ground_truth_study2\rep_50_ground_truth.csv,20260715050,6,25a9f8bcb1a6dc900069b06ac2d0bff662528ce9cfdafaa58b636c7df9aac855
51,data\ground_truth_study2\rep_51_ground_truth.csv,20260715051,6,350f2401e9787a7c26c1cb912ad018bfeb8fc749884ec0e14b0da763ebfcea3b
52,data\ground_truth_study2\rep_52_ground_truth.csv,20260715052,6,601b7d72c8327aada9c1f59c733ef297d3b09b3afb4e41986520d0bcf2bd46b7
53,data\ground_truth_study2\rep_53_ground_truth.csv,20260715053,6,2c4310b6e3560be619c5d18bf7a93e694b47c2c49f6587aaffd7e672ab509eca
54,data\ground_truth_study2\rep_54_ground_truth.csv,20260715054,6,fc207e2ca87645e64aad925e6d9c15ecf87050f48900d31b236eab010c9a7e38
55,data\ground_truth_study2\rep_55_ground_truth.csv,20260715055,6,dcb1645dfeac90040da064b8a7cc5d07d9ec5a8b6cee1b70484961c757ac8c1c
56,data\ground_truth_study2\rep_56_ground_truth.csv,20260715056,6,98fafae1df7bb700d031fe945306b9787bd0f0a1b8c486b46c21769031210f08
57,data\ground_truth_study2\rep_57_ground_truth.csv,20260715057,6,20fb1bc82e5b3652c54188892f8e4e7c842306c7868f84633fea83e2df801af4
58,data\ground_truth_study2\rep_58_ground_truth.csv,20260715058,7,5633d1d017ee12a49f20c95664cb23aec26d22fdc41b23b93b9345e3150b4d53
59,data\ground_truth_study2\rep_59_ground_truth.csv,20260715059,6,77fe2ac397906e71f609f2cf3cdfcca9af58600bc2e03ea0a3a27e9e31b2f5f8
60,data\ground_truth_study2\rep_60_ground_truth.csv,20260715060,6,33a8e1d171dddb30020a85d0270aad081b564c089a0e6a8362cacf1e1b5a8cc9
61,data\ground_truth_study2\rep_61_ground_truth.csv,20260715061,7,53d86aac52df5d3bb80458a194f4512bfc9bdc4f0ddb11e5983894320562e1b9
62,data\ground_truth_study2\rep_62_ground_truth.csv,20260715062,6,1ed4c43efa2ee57c3b2e302fd8b034d1bac5c916b768b32046643e05650b9c0b
63,data\ground_truth_study2\rep_63_ground_truth.csv,20260715063,7,e1ee751c13acfb5525a492e7896547a5ae078809362aac31477e723233ff5c74
64,data\ground_truth_study2\rep_64_ground_truth.csv,20260715064,6,05caa6b2bcf1d735a37bfa6f544d59f1c6330eafc17fcb415b8e05464f5e78a4
65,data\ground_truth_study2\rep_65_ground_truth.csv,20260715065,6,0e8b9c1575d3a3962303ada958a26754db3b4c965f0b5f3cf2f16e2084c9ffc9
66,data\ground_truth_study2\rep_66_ground_truth.csv,20260715066,6,fa72af9a9b86a22a2bab48da8225cb3c812a27e6f18b6830eee3bb4736458f72
67,data\ground_truth_study2\rep_67_ground_truth.csv,20260715067,6,89a0f37f89d31bceab8791fc4da38f2195e8930f47cecd9da1faf3887b59ea8f
68,data\ground_truth_study2\rep_68_ground_truth.csv,20260715068,7,7fbd858b8e9058899893c613938178f7b5a632cf1a95a80b89ff0fb54eba35c4
69,data\ground_truth_study2\rep_69_ground_truth.csv,20260715069,6,4a73fdb94ae5c6fe862649f3e5dd4f3400a2cd83fddbf346b8003271aa51fcf7
70,data\ground_truth_study2\rep_70_ground_truth.csv,20260715070,6,c137b7cd5fd1d305366d9db0165d5748a93e5a3292abf4d4e1b8281841b2af06
71,data\ground_truth_study2\rep_71_ground_truth.csv,20260715071,6,d9e8424a4c23c8c3111087aee8f911b5b5d984801e3c18ef1583a121e44159a9
72,data\ground_truth_study2\rep_72_ground_truth.csv,20260715072,6,a013ce1b01e44220266256dae2fd16cca69c8e2c0644e651525600e7851ed5a3
73,data\ground_truth_study2\rep_73_ground_truth.csv,20260715073,6,ba6279750aa5941fad8f9d967d13e63c64c00608c09e31700d75446528f98ca3
74,data\ground_truth_study2\rep_74_ground_truth.csv,20260715074,6,2268a19a42593390c212499f2562f3ea74908f2ead33ad635187676302f9ac86
75,data\ground_truth_study2\rep_75_ground_truth.csv,20260715075,6,d8809640f31603b6c51bcf5e19e38c929771e9a885dfd085df1ac3ed6f9e38cd
76,data\ground_truth_study2\rep_76_ground_truth.csv,20260715076,6,7c81b1eff1ad4424dd159c779cc3086fc9585d2bb6b1b8a63bc818904e4f940d
77,data\ground_truth_study2\rep_77_ground_truth.csv,20260715077,6,f6afb197522bb3f49a9d771a32a786bccab49e997fdfce657ece7357a40f6539
78,data\ground_truth_study2\rep_78_ground_truth.csv,20260715078,6,12196d08b4703f6fbaad18646bd362fd95113756d48f9ed75e0822346707649c
79,data\ground_truth_study2\rep_79_ground_truth.csv,20260715079,6,c91aee4d2f34b2c064cb2589e0d05434ebef53f2459171896392911d61893d1f
80,data\ground_truth_study2\rep_80_ground_truth.csv,20260715080,6,4332106d7c5ce1a8427d60559fbbc58117c5e33f36d019787b4f2f460a49af9d
81,data\ground_truth_study2\rep_81_ground_truth.csv,20260715081,6,0ec8f119b5157dfa382911bc7d38c496e0e0105edbc849a57208363b880053ba
82,data\ground_truth_study2\rep_82_ground_truth.csv,20260715082,6,02469c9926db6085d70f60a5247ea9373391ac384994dbc869d5ca13599aab6a
83,data\ground_truth_study2\rep_83_ground_truth.csv,20260715083,6,10b6e89561ff0152b125f4672cb13594df8930f2806050dcd659955c3b2dd41d
84,data\ground_truth_study2\rep_84_ground_truth.csv,20260715084,6,2759f2ca034be21dc7748e9a2c87f32eafa45fc8025304bea2be9991a862e3b0
85,data\ground_truth_study2\rep_85_ground_truth.csv,20260715085,6,ec68c04e21c3483e7a8c711aac72f5fa35fc601f162d15bb9c23b83cfb4a4a18
86,data\ground_truth_study2\rep_86_ground_truth.csv,20260715086,6,797d246ac647ab69d14611e95ef660dee0e616c86b7d2e7b2ec1070fcd209433
87,data\ground_truth_study2\rep_87_ground_truth.csv,20260715087,6,ee33b3d8cc5e2468d4789b37f9ece410a4139e9e444d6fd8e68655296b5b0fe1
88,data\ground_truth_study2\rep_88_ground_truth.csv,20260715088,6,5ed7094a314d17ae98b02acfb4fcd2c7d145149dcd7fcec36931ac52f1eef869
89,data\ground_truth_study2\rep_89_ground_truth.csv,20260715089,6,d7ec8e5d94e74ec61768d582e621b517d2d2f93814b37348b1d8dd97afba1480
90,data\ground_truth_study2\rep_90_ground_truth.csv,20260715090,6,170b5227e24c3cd88744f22ec999a360bb6af9fbe5987e709a6c13d42b9407d7
91,data\ground_truth_study2\rep_91_ground_truth.csv,20260715091,6,97a99ce1583b40b38381d7c9d5aa2a9aecac8a72a3f0f9a4b82c8ddb83eff41c
92,data\ground_truth_study2\rep_92_ground_truth.csv,20260715092,7,d466731a55fc7936fe5367ea703ed41ba468dbebc7e86fe5e02a6a923a671b59
93,data\ground_truth_study2\rep_93_ground_truth.csv,20260715093,6,5ed4a507cf381697d9d8605406bbe4acb48267ad1a29f3d6065def6ef311d2c2
94,data\ground_truth_study2\rep_94_ground_truth.csv,20260715094,6,516a9be9ac70c7c90d7b6d9e1bd38016b1e1a7d854a540742b8c027b7b3d86dd
95,data\ground_truth_study2\rep_95_ground_truth.csv,20260715095,6,207fededd335439be0a28b9754878c3f743a944eeeea120b0f2cb06e8729e2e5
96,data\ground_truth_study2\rep_96_ground_truth.csv,20260715096,7,b863559162e49af7898ac2db6a49d6d8921e3a4b93463f8f63b95e8f6d630dda
97,data\ground_truth_study2\rep_97_ground_truth.csv,20260715097,6,c8c3db62d519e9bda04e6cbf82fe981a21c4889dff30219169c7aeb3bf304ff6
98,data\ground_truth_study2\rep_98_ground_truth.csv,20260715098,6,641c62a55e82cebe2b9229aed8facfadbe285e66f4a85b6466b6df784124630c
99,data\ground_truth_study2\rep_99_ground_truth.csv,20260715099,6,e77f2b04dfcae8e167daa6d5f67bf88ba138e25fb283a107a60c6e18951acfa3
100,data\ground_truth_study2\rep_100_ground_truth.csv,20260715100,6,093d5e03e38b663f356db142da156f2b17b8ad6e2dd940bb3e1930811e0f6f34
101,data\ground_truth_study2\rep_101_ground_truth.csv,20260715101,6,97a6c6918365a2300c413ac5c32576850a4f5588916e3886e072e42408424037
102,data\ground_truth_study2\rep_102_ground_truth.csv,20260715102,6,449050d4af53b1a3556fa71aa7a07b4d9e6e458cf285f6bdf4a5c6831edda130
103,data\ground_truth_study2\rep_103_ground_truth.csv,20260715103,6,81fc65c6301da5cf3ff271d911292ce40b628ce9d0179ae8f1e5fbc52fe8769e
104,data\ground_truth_study2\rep_104_ground_truth.csv,20260715104,6,879783009892fe6b009dd836e91d43588862140763d134dcedbc6b759e324451
105,data\ground_truth_study2\rep_105_ground_truth.csv,20260715105,6,786b0bf18a0d62b78b639c9fdd4d3601f4327bde6f1012e326288629a495e634
106,data\ground_truth_study2\rep_106_ground_truth.csv,20260715106,6,c2eef9aead884f4663e01ff9ba369cfaa40661ccc21fbd326088b50075b2b694
107,data\ground_truth_study2\rep_107_ground_truth.csv,20260715107,5,d8a680e696985bd3ae2475cb70df2194feb2dc281d8432d3dc89e2dda9cd5b66
108,data\ground_truth_study2\rep_108_ground_truth.csv,20260715108,6,dfb2ebae6373103933b9f1038445d0da3ba5476cfd93da52ed0bb476541fc109
109,data\ground_truth_study2\rep_109_ground_truth.csv,20260715109,6,3b1ae9f4679f8997d5e56bbce0e97aaac75901f7c490757f6fb208e73e76547f
110,data\ground_truth_study2\rep_110_ground_truth.csv,20260715110,6,f15f4670cc9e4c83bb2163eaddef341713a7c1ceac4318880d7c9c430979b0d8
111,data\ground_truth_study2\rep_111_ground_truth.csv,20260715111,6,91a6bbc78a50bac43070fe9ad05b9c0bf73b9caabd3bddbda3b0d466d01d09bd
112,data\ground_truth_study2\rep_112_ground_truth.csv,20260715112,6,7951e521d3359eaff95d6cc6603b2fa54090f4c503b4a8834dcee8f1d18837b0
113,data\ground_truth_study2\rep_113_ground_truth.csv,20260715113,6,0fc8239c2ce3834bafdd60a34de1879447534e5167b00418a552077290affd58
114,data\ground_truth_study2\rep_114_ground_truth.csv,20260715114,6,047d2a2503bf1964c72c95bd6f113fb0524d552c4c7734c6881d58451a26b343
115,data\ground_truth_study2\rep_115_ground_truth.csv,20260715115,6,098a9ac4ac0f134b88caa917c0eccab5289695f5258d93d6ef60bd8d5ce920f9
116,data\ground_truth_study2\rep_116_ground_truth.csv,20260715116,7,d578df7bc792ec601d98e3f515ed978e0ba2d3f52dc78be44be9b4a4c5ee3e94
117,data\ground_truth_study2\rep_117_ground_truth.csv,20260715117,7,82ae73e50c1003bac9d3ffb53ec243f5d687e652c01370e30dde7a93a603a6f0
118,data\ground_truth_study2\rep_118_ground_truth.csv,20260715118,6,d15b951bc222b1768f48688ccdf4b14b18b230682ca1e2ba51aff8b6613cf98a
119,data\ground_truth_study2\rep_119_ground_truth.csv,20260715119,6,51e698a889b9fb1b4412e8b788779973bc60ac9a92a6ac04d1608d456a8896ab
120,data\ground_truth_study2\rep_120_ground_truth.csv,20260715120,6,c96e3cc11ff3f512d10990c8084ed46bb9f79b9004c2c48c58145dee75f9baf5
121,data\ground_truth_study2\rep_121_ground_truth.csv,20260715121,6,4322908b4a011635514a1029c42f8b59819c8da4a404eadcfc61b0d66e23672a
122,data\ground_truth_study2\rep_122_ground_truth.csv,20260715122,6,589a074597624c39eb28b328cd75c8024d9aa88c8971c352200e2930a1780ad3
123,data\ground_truth_study2\rep_123_ground_truth.csv,20260715123,6,43f7ba76e13a84b7a3b2a81960f49d9ce8388ac5cc35cfbdd80156c44465dbde
124,data\ground_truth_study2\rep_124_ground_truth.csv,20260715124,6,6fc1bf4c00e33c75eca729eef692220040a6832039c26b3bfe5298f6137c56f4
125,data\ground_truth_study2\rep_125_ground_truth.csv,20260715125,6,1e9870ca448acc556d18fffe46db4150735ba1769f1168ed4d8b8124827f5059
126,data\ground_truth_study2\rep_126_ground_truth.csv,20260715126,6,5676af33bd8b7cc0ef24f66cc5b10d44cf59f1ed1ab0bd7314467ddfa7f899bd
127,data\ground_truth_study2\rep_127_ground_truth.csv,20260715127,6,b3a0e72d7e2c73aa885f990a7aa3487625218b1e992ef06cfec72a2c75808ca2
128,data\ground_truth_study2\rep_128_ground_truth.csv,20260715128,6,2cde1ede5ab6d310644abd9db7e9205ec282da73417e0dee529dc6eee16c0c49
129,data\ground_truth_study2\rep_129_ground_truth.csv,20260715129,6,cd6752213f7da7d217d5519c11993830c4d9566bc63fc9fc7224e3e51ca94b0e
130,data\ground_truth_study2\rep_130_ground_truth.csv,20260715130,6,8dbc2afbea605e38496bc844dad6b7faada5bf0a59958ce087a229a665a9b6b7
131,data\ground_truth_study2\rep_131_ground_truth.csv,20260715131,6,c87e8a3c5d73b7cb382e09f21e3392d2728086a44b47847868e8afaf3cc9cfa2
132,data\ground_truth_study2\rep_132_ground_truth.csv,20260715132,6,974f2a9d74ab2092d2ad5b271e38ae3d2bb91150406a54e8a1968b6328eda513
133,data\ground_truth_study2\rep_133_ground_truth.csv,20260715133,6,0d0305750b3e10b0d2e56517a22616006801df3915699dbe6bacf27193b8fe19
134,data\ground_truth_study2\rep_134_ground_truth.csv,20260715134,6,5d79a8ea5dfc7d0786a719469857d3c73f5337bf6abaa2de2d9e2ea46a839237
135,data\ground_truth_study2\rep_135_ground_truth.csv,20260715135,6,b34c6c2efddb80dcf9222e39b4961d4428a5cd5f726191beefda8cd30b0abd5a
136,data\ground_truth_study2\rep_136_ground_truth.csv,20260715136,6,b8b8927c9db564d12c3dda56b35b42ff3741c05df3f7810241eb3f5878136e79
137,data\ground_truth_study2\rep_137_ground_truth.csv,20260715137,6,33c308a60b0956a7cc38154f9cc7b7a95b40913a0e47f6dba19481f4562d0614
138,data\ground_truth_study2\rep_138_ground_truth.csv,20260715138,6,a8ba783d9d48024187226b437404fcb466b25db48033811ad578cbb71cba3516
139,data\ground_truth_study2\rep_139_ground_truth.csv,20260715139,6,bae6fc6deb45ea7419c73e5483a4078f5919e03e66694f4220e27fb65bca0c5c
140,data\ground_truth_study2\rep_140_ground_truth.csv,20260715140,6,0bb78bb515264b3229df697ab3e6b784f9d48a3d7e5f2eaf8fa0b5a9e14b133d
141,data\ground_truth_study2\rep_141_ground_truth.csv,20260715141,6,fb6b01ec3c55d85abb992bb19cdca05e82b826afc9cdbfe6abc556e6c2b390b7
142,data\ground_truth_study2\rep_142_ground_truth.csv,20260715142,6,f8a4712a673520a59402a6768082ff0dfaf524e7267fa1d0a6800cbb25ca4ca8
143,data\ground_truth_study2\rep_143_ground_truth.csv,20260715143,6,53f8263546b3379dc56f21c64ee543aa279fe9293226e2f631e69d188bfa7946
144,data\ground_truth_study2\rep_144_ground_truth.csv,20260715144,6,dede402a631e0b1d6e50627e5e5e151be7197c8b8071b61751433fdab1b723d4
145,data\ground_truth_study2\rep_145_ground_truth.csv,20260715145,6,11f3d988a499a44d9501327bbdaf73b0a7c0dae890c496c987a665bc24efc844
146,data\ground_truth_study2\rep_146_ground_truth.csv,20260715146,6,c4f4daa7d5224f6320ed40840a334a3a50fc24f4101e86d30652c1e64d04e02f
147,data\ground_truth_study2\rep_147_ground_truth.csv,20260715147,6,d5d38c8902b912549569c63590c22c97454e0b6da636ae3c05477325ed6be2ce
148,data\ground_truth_study2\rep_148_ground_truth.csv,20260715148,6,285c75a74204edac0f4e843535c22d0b7b3fa4bcddcff5a401fdf86f2745ed0e
149,data\ground_truth_study2\rep_149_ground_truth.csv,20260715149,6,53f7570e3b910f68c4f9df8d390be65ec3f34d151e4b5d1df1f84502e41cd6cd
150,data\ground_truth_study2\rep_150_ground_truth.csv,20260715150,6,6531093867b9dffe0fe0ae5355ad96a8a2f9df1744fc37ab05f1cc40e40d9e56
151,data\ground_truth_study2\rep_151_ground_truth.csv,20260715151,6,ea0b23367b85193dddd6f4e22846348394564245556f3fc18c099b24563929f1
152,data\ground_truth_study2\rep_152_ground_truth.csv,20260715152,6,daa2ec1578dd2a96650f3e79c4cbfa3ec55750f1a4ad62c9ead2f44417cbf32e
153,data\ground_truth_study2\rep_153_ground_truth.csv,20260715153,6,e0c8e7a7bb8c7a04366bc01997d6cf5d92bc9917e63144a27545a5aed037e689
154,data\ground_truth_study2\rep_154_ground_truth.csv,20260715154,6,35ebf9d4690a53221106be468664f2674ae403d1f04934c97a70fd66761257fe
155,data\ground_truth_study2\rep_155_ground_truth.csv,20260715155,6,296d22f2ef63fdbe084818c4440d45b59557ff344f296be7b80d3e169de38d63
156,data\ground_truth_study2\rep_156_ground_truth.csv,20260715156,6,5c93946329fa8b33294f50ed8733f932b81158402dcfdad2244b78678d2bec3c
157,data\ground_truth_study2\rep_157_ground_truth.csv,20260715157,7,8e328d9c95121252fb008fe9db426baa538d65c3ff2e9da34d11fbd990e6f917
158,data\ground_truth_study2\rep_158_ground_truth.csv,20260715158,7,def08a3e7756820dfb413862bf3f9741863c9042c9214917d815580936c07c1b
159,data\ground_truth_study2\rep_159_ground_truth.csv,20260715159,6,3ddef1994ccf8a7ace2535456fbc0f671eb946a22ea9a3a4b7453655e8c7cbac
160,data\ground_truth_study2\rep_160_ground_truth.csv,20260715160,6,710b4199d8f7a4851aeb5a925e7abeca93e1b9e801b45134635f252c4fb1b351
161,data\ground_truth_study2\rep_161_ground_truth.csv,20260715161,7,64629b8acbd1c7d7556c27f4fcda7e57b5b0abe29dbc52f2e9abffa62c2657e7
162,data\ground_truth_study2\rep_162_ground_truth.csv,20260715162,5,e6ee345da9372df865dd870840ec6137f5efe7e7afa0e2c169025ff9310e2fff
163,data\ground_truth_study2\rep_163_ground_truth.csv,20260715163,6,20cb13800ec25f015ee2a35c6503cd31a867e2279d3e0a97c251a733fb49a755
164,data\ground_truth_study2\rep_164_ground_truth.csv,20260715164,6,f8420df23a7f91b4b9045ce2a49c0aa1c37cc0c83a4831242fac5fb70da64f69
165,data\ground_truth_study2\rep_165_ground_truth.csv,20260715165,6,078ac3132a6be8645263758ee639fa49860ba7b4aec2c6861d84c6d26a7be689
166,data\ground_truth_study2\rep_166_ground_truth.csv,20260715166,6,6fa2a71736358239a090879211220ec41fb05cd58b64d21a028f88b47a60a12c
167,data\ground_truth_study2\rep_167_ground_truth.csv,20260715167,6,97cd3161ab9e0516f3474fdbc3d351efbcf902c894ebf0572bcd2ada4d5975d1
168,data\ground_truth_study2\rep_168_ground_truth.csv,20260715168,6,d425b2fc4efc9faa2003edaffe2bf85068883fbf80089d2c3eae405c421d9180
169,data\ground_truth_study2\rep_169_ground_truth.csv,20260715169,6,b36b3c223a55f026c23fe70d085fd704692445ba6499c190d42574464aa632d9
170,data\ground_truth_study2\rep_170_ground_truth.csv,20260715170,6,00ef8c49be23c0fa195d5287f2a88d512a48ad4a34bb0a15864021be027da7eb
171,data\ground_truth_study2\rep_171_ground_truth.csv,20260715171,6,3efb75822ebf5b286b51ef09edcb2d05f0d478c2c75cc7f41ebf8f61c998cb7e
172,data\ground_truth_study2\rep_172_ground_truth.csv,20260715172,6,fc39f2b981c17583884285548e795f5b2c47808b0907b8d4c4a8f41292b55fee
173,data\ground_truth_study2\rep_173_ground_truth.csv,20260715173,6,039fc5b57c679164b8103392c075d478876528e3100a5803d352cfcaf6c568f1
174,data\ground_truth_study2\rep_174_ground_truth.csv,20260715174,6,270ea24da709ee5169d200fa147f68aa3826e8f02db05fb79c211aaf89cfe900
175,data\ground_truth_study2\rep_175_ground_truth.csv,20260715175,6,39d4ed197ad5257a4499d5ad2a2465ed0d569358e5fc2e84043338d4952e6899
176,data\ground_truth_study2\rep_176_ground_truth.csv,20260715176,6,b29cf87b9f2343405b7e5c48980b7a5b25bc5b12c0a764225f4230fa2606fbd4
177,data\ground_truth_study2\rep_177_ground_truth.csv,20260715177,6,657049ef5265a41ab3696f7fc5ec0bb1fbbb840aa6b44840dd9f03f9e4948b3f
178,data\ground_truth_study2\rep_178_ground_truth.csv,20260715178,6,e5b802783acf31da240a0a7669beb5f5cb8f21d5c74ab7d1c62f9782fd38ea8f
179,data\ground_truth_study2\rep_179_ground_truth.csv,20260715179,6,28e504db889e855a96977c1c0fb47ba43d0268894218adc478889e7456af6334
180,data\ground_truth_study2\rep_180_ground_truth.csv,20260715180,6,9a789757961a3a2c3c53e18ef112c1dd00b05748d88c7d69f2b352f2bd04dbcf
181,data\ground_truth_study2\rep_181_ground_truth.csv,20260715181,6,cac5efa520ecbe2775692847ff124ea280edb35fd2f9ac0b8ced9df2b5d4efa8
182,data\ground_truth_study2\rep_182_ground_truth.csv,20260715182,6,086fb56934ba7ad8cf7f9e43840638c858c9a7c72f3b2eeace8ee1acc9b039c2
183,data\ground_truth_study2\rep_183_ground_truth.csv,20260715183,6,46d030c07085d1d25ac2071f8c05bae24ebb41fbb7fce073fd58a61148d35b53
184,data\ground_truth_study2\rep_184_ground_truth.csv,20260715184,6,94fa3fde2a22102519e9a1ec30a7c70b2ff19efba675ff418af1f6be60b3ccc5
185,data\ground_truth_study2\rep_185_ground_truth.csv,20260715185,6,fb2fcf76d2a06805448b5446e39e4b6fcf983c26bbcc0cf313f73368573505e3
186,data\ground_truth_study2\rep_186_ground_truth.csv,20260715186,6,f0c7f2bbf5ec06f9ce1ff5de294964fc0c514a8f8569039d6c082bdcdcd86fc7
187,data\ground_truth_study2\rep_187_ground_truth.csv,20260715187,6,a5899d3637bfefa4cf3d810da8dd563c3a3dbd2894a39060ba0aac06fae4e375
188,data\ground_truth_study2\rep_188_ground_truth.csv,20260715188,6,481bef6c5219661b24526c173e208226e37c77c3749e31c1badcfdd3b89decfa
189,data\ground_truth_study2\rep_189_ground_truth.csv,20260715189,6,36efd0ace4efa871e6608101ea03aa59b4f206e113b62a089c5516b5e490ca96
190,data\ground_truth_study2\rep_190_ground_truth.csv,20260715190,6,69dfc39083c0d2ad2123399774e2b9233fc91950963918c230c4f52acebebb98
191,data\ground_truth_study2\rep_191_ground_truth.csv,20260715191,6,6c35bd06b4ffc4657237f34285c993ee9080806cd5d96fce725d5175759318a9
192,data\ground_truth_study2\rep_192_ground_truth.csv,20260715192,6,9fa825f981170ef3b062ff663a049a8c4c0ef336b715ad3b0db9384c5d0a0c55
193,data\ground_truth_study2\rep_193_ground_truth.csv,20260715193,6,9c577d75a5c4b0253ec5de53f95457e3e9462f84e4ede1685e6b42d6eb2a13cd
194,data\ground_truth_study2\rep_194_ground_truth.csv,20260715194,7,093ddcca0a9fa3e6d999d1ec2a9a29130082f0fac309d0d8f7029aef5efb19d3
195,data\ground_truth_study2\rep_195_ground_truth.csv,20260715195,6,6e4e8d7191e8df3778d5d1a730844d416489dfea2c986db788030f4144dbd7ed
196,data\ground_truth_study2\rep_196_ground_truth.csv,20260715196,6,8809b7542c9e888b6125f1151fba8034be3455d8ac298406f462053853a18321
197,data\ground_truth_study2\rep_197_ground_truth.csv,20260715197,6,d55bad696114a3b3d8dc5df19aab3d7d55f44507bc5c1ebb9825a14d0eb30ab2
198,data\ground_truth_study2\rep_198_ground_truth.csv,20260715198,6,64c731d8fad60ae692c9e9df1eddd2bbaa096c9ca9bffcdba057e9621c3bc759
199,data\ground_truth_study2\rep_199_ground_truth.csv,20260715199,6,2a299cf364cd51a12fb3255146b796690ef3ac3d494fce8aea1540873fd80843
200,data\ground_truth_study2\rep_200_ground_truth.csv,20260715200,6,ff54c1d02e12a696eb6902d810792c5e60f2614a6222fe6aee398e9900996f1e
201,data\ground_truth_study2\rep_201_ground_truth.csv,20260715201,6,145f42e0ba3d202a79d94fbae9c436fb8d18bc6683364566a4a5bb1d0bc344f2
202,data\ground_truth_study2\rep_202_ground_truth.csv,20260715202,6,47b7faf1d55e9717e11e4a56768819cea123f9accda022d8211acaefdcb9e1f6
203,data\ground_truth_study2\rep_203_ground_truth.csv,20260715203,6,b853baa4b3f014b4fc7378078e04062ea3ac431f23ca8bdb267154c5588b64a9
204,data\ground_truth_study2\rep_204_ground_truth.csv,20260715204,6,c9f3bb88fee71f78fa3f1a2d4eb94f0dd337683dc95184e71a662c34045af236
205,data\ground_truth_study2\rep_205_ground_truth.csv,20260715205,6,635c2f0266921365d9ed59c425682cc91cdf57e4c503913a3ff5ac255d4219b7
206,data\ground_truth_study2\rep_206_ground_truth.csv,20260715206,6,2b09adf264b2ed5e6bac9811721583f674b98e930bae360e6e1d19913f60f9e9
207,data\ground_truth_study2\rep_207_ground_truth.csv,20260715207,6,d560649303e10935edcc926bbd9bcbcc49496b34048b466ca171be390edd992e
208,data\ground_truth_study2\rep_208_ground_truth.csv,20260715208,6,2250a367311f8fd1d89d57ca893911506782cac40adfccd2d07f191047cd60f1
209,data\ground_truth_study2\rep_209_ground_truth.csv,20260715209,6,deabc83d0e6c75e0ef55f229ddbadda43e0cfaa3ac80fd58fd6e416e6c7275e0
210,data\ground_truth_study2\rep_210_ground_truth.csv,20260715210,6,16f0a8f8ee76d3ca0d8d014f541d34d78aa50a03e94938777be9bda58acff3ec
211,data\ground_truth_study2\rep_211_ground_truth.csv,20260715211,6,29888c1b4a8f68153aecc9a302ca60c6bcb7b79a760880ea3100f7f335c0a0be
212,data\ground_truth_study2\rep_212_ground_truth.csv,20260715212,6,c7f1f31c38206d59433ab5b29033ab18412d1f7bb010106640fbf046f5a560de
213,data\ground_truth_study2\rep_213_ground_truth.csv,20260715213,6,f85d61ef315d593986e3b9ccbeddbf450f7507d23481ed74eb4327f4c50e44cb
214,data\ground_truth_study2\rep_214_ground_truth.csv,20260715214,6,6edddf100d829e5fcbf5cc7a274a357ae3efea89e56ab188e5d3f95de5421fb3
215,data\ground_truth_study2\rep_215_ground_truth.csv,20260715215,7,b85e8b872adbc2f6d0ddef72e2fc60033bf09257a38955c9846ce332a529caba
216,data\ground_truth_study2\rep_216_ground_truth.csv,20260715216,6,583cf7aa4ce4eeb616b2ff9f031beb97c4c2e8e3f410034c9fcdcf1f9447fde5
217,data\ground_truth_study2\rep_217_ground_truth.csv,20260715217,6,7beaf7fef94f2d765e1deb9a97a095f535c3fb2ccb6557f1fe6786106b11719e
218,data\ground_truth_study2\rep_218_ground_truth.csv,20260715218,6,a06fa2ec0b0051d38cccf68bbd10b43ef41080b053189d2d632f3d5df6bf0699
219,data\ground_truth_study2\rep_219_ground_truth.csv,20260715219,6,3d309e2faddb84ea4092ff8f81887664da96d4d8933d5b330a1e743696ab69c1
220,data\ground_truth_study2\rep_220_ground_truth.csv,20260715220,6,c02c987cc8feafe8a3e77091c1db55084cb4add1b7dcdd2fa65d11fbd21adc75
221,data\ground_truth_study2\rep_221_ground_truth.csv,20260715221,6,20d501c5381201f9b7884aeb719cf7bd08c4f92c1e706762927f654d86593154
222,data\ground_truth_study2\rep_222_ground_truth.csv,20260715222,6,111eb5b9a3e0da9bb44b9506242a74dd6af74f187ea84d43fd2801359b26ebce
223,data\ground_truth_study2\rep_223_ground_truth.csv,20260715223,6,ee740252b7d43b1823f1aaa50cd636ea08e523dab3575cd7c79f1c18ee70fffb
224,data\ground_truth_study2\rep_224_ground_truth.csv,20260715224,6,253bc3792874acf3b16b4926645756f3e241462b1b5b49aa4973bb521b447af7
225,data\ground_truth_study2\rep_225_ground_truth.csv,20260715225,6,de302050b6f6b0cfa65c89dc86e8514ca8d4222a16a9397c816bf01099ea01bb
226,data\ground_truth_study2\rep_226_ground_truth.csv,20260715226,7,6411745ef22a33773846f77679bb39e5be5b5ff551c57ce44f187e6ffce6306e
227,data\ground_truth_study2\rep_227_ground_truth.csv,20260715227,6,b51dbdfff43e78206b94fc91bdfc552fd150ac5c097ee6d7bf6eca53cebe0f13
228,data\ground_truth_study2\rep_228_ground_truth.csv,20260715228,6,7398ea2611177619cad548eb0c69c6a7dba3de84a245c1debab3ae7a4c9a8688
229,data\ground_truth_study2\rep_229_ground_truth.csv,20260715229,7,e7d9eeb29ee3b82daf5dc7a627ee62dc8a31445b920c9cc2f37d5a433fd1b19a
230,data\ground_truth_study2\rep_230_ground_truth.csv,20260715230,6,081348234a9464b69bf751173862030510b8093b6e3d651df95d92785eb3dc1b
231,data\ground_truth_study2\rep_231_ground_truth.csv,20260715231,6,0507e6d104f3485abac65ec8c40422093414597e441fef7eb9d5cd4d5535389d
232,data\ground_truth_study2\rep_232_ground_truth.csv,20260715232,6,4a0471eec636c5694deeb54a7eceaffab729e4bd6ac2f45c7aefe85236cafaef
233,data\ground_truth_study2\rep_233_ground_truth.csv,20260715233,6,249bcc321e8144164fee942726f1081c4413e6b80618caecb1802f05ad525f99
234,data\ground_truth_study2\rep_234_ground_truth.csv,20260715234,6,e3fba58a0f3beb6982e2071a03dce2177bd17b63096b84523c8a2b3bd7220823
235,data\ground_truth_study2\rep_235_ground_truth.csv,20260715235,6,d777f562d25a1f527109f77f174c227bcdce7ce84351fdac1f1709f86725169b
236,data\ground_truth_study2\rep_236_ground_truth.csv,20260715236,6,f9f0188c786a0519db5385c8247f4784414bc9a1b3b6f8eb21a98b00165874fc
237,data\ground_truth_study2\rep_237_ground_truth.csv,20260715237,7,697c99c2b9e768bcb66a1ae6bea4ab08480cee46cd357ca0b0ce0663e0399b35
238,data\ground_truth_study2\rep_238_ground_truth.csv,20260715238,6,1416d35ec3893feef74ebdead606b9fa552444f52beb3bdcaec2337a59316017
239,data\ground_truth_study2\rep_239_ground_truth.csv,20260715239,6,1d78b135d8c46c7cd0f7bd57087a0ccc6a9943b08b21f6450d4a36aefacc6387
240,data\ground_truth_study2\rep_240_ground_truth.csv,20260715240,6,968b2edc09060c5d6d283ce228c08db5767a59a3c724cd751096906e08ab7b5a
241,data\ground_truth_study2\rep_241_ground_truth.csv,20260715241,6,8081e6c28f231526252fc23b8dfef3a378aacbd76f3b3753399fc760ac65a93b
242,data\ground_truth_study2\rep_242_ground_truth.csv,20260715242,7,07497f613afee0df9ede5300e611eb7241537555e4465be36c5669a7d77b0a70
243,data\ground_truth_study2\rep_243_ground_truth.csv,20260715243,6,b8424d32a1781f35a5ab0ef2e33d395f659863570450737b66a5a1a29a0d1bb1
244,data\ground_truth_study2\rep_244_ground_truth.csv,20260715244,6,309d57e830076128fadabb6097b0276ccf05195386a25dd612906da5c2d70240
245,data\ground_truth_study2\rep_245_ground_truth.csv,20260715245,6,fb8334ffe6e3ebdb5fe201f23e1846ec3fe91fc89cbb3e5348770e337da7485b
246,data\ground_truth_study2\rep_246_ground_truth.csv,20260715246,6,9c07eff2a81d6c1f3abb23d93a8c6369643c09f74fbc02a7cc50908c51ca4651
247,data\ground_truth_study2\rep_247_ground_truth.csv,20260715247,6,a08ad0e286d686aab60b3c32e95f1318edc54c286d3da0861e55345b9b032041
248,data\ground_truth_study2\rep_248_ground_truth.csv,20260715248,7,8fe02c7afaedd5dbbe633a271974fb233367ba3396d5e219beac8d91dacf58c5
249,data\ground_truth_study2\rep_249_ground_truth.csv,20260715249,6,7e6c1c8d5442f091c0890acc511ab9d0b42a568440cfe47c1330e817a3411cc7
250,data\ground_truth_study2\rep_250_ground_truth.csv,20260715250,6,4b9c0068f6bb5dc6cbd48a3129823b962ecec1d5f08368594fac1a0023c7425c
251,data\ground_truth_study2\rep_251_ground_truth.csv,20260715251,6,585d1c22fe77c76ec05e23469abe237e5b5c476584a655fa2ff4967cceeab005
252,data\ground_truth_study2\rep_252_ground_truth.csv,20260715252,5,0d899be591f00db9dc06b3a9a9497820723d91a102c1696f3a49f8f2317f0122
253,data\ground_truth_study2\rep_253_ground_truth.csv,20260715253,6,2112f40b6a180b1d23c7c80c7e61f8c10a53438a5328250d3d8636dc402ae35c
254,data\ground_truth_study2\rep_254_ground_truth.csv,20260715254,6,8543519f06c87d7bac1ad7b18e2f17fe4fd193c7681f192afede4ed5ab8862be
255,data\ground_truth_study2\rep_255_ground_truth.csv,20260715255,6,c989f80fed5c9d7318dfdd3b29586db5b12ff1a21c2066f64c8feb14568d0ee0
256,data\ground_truth_study2\rep_256_ground_truth.csv,20260715256,6,5e3c331dba685dfae95f9b48b4d776acc80961970cc7020cc91ca30dadd869bb
257,data\ground_truth_study2\rep_257_ground_truth.csv,20260715257,6,ccba499d6b00987f44366651f149299cf4530bf7601ce499dd2d2f0169226311
258,data\ground_truth_study2\rep_258_ground_truth.csv,20260715258,6,df40e101dc73d86a2052b2098b1f953524fb8c77b828beacf8a9a6eabd25c71b
259,data\ground_truth_study2\rep_259_ground_truth.csv,20260715259,6,bfdcdbfbe2882c843818edd8329fa1865dd0c4bf529b14269e6c83c47e49f613
260,data\ground_truth_study2\rep_260_ground_truth.csv,20260715260,6,ab532dcc00c50abd158156a792a207528a2b1671139d11421b69f021356ba96b
