rep,path,n_trials,system_message,sha256
1,data\stimuli_study2\rep_01_prompts.csv,36,none,99459014cc7c1af3d60dfd2f7524ddfc523b692eb6445b6ed77d8c5de2143119
2,data\stimuli_study2\rep_02_prompts.csv,36,none,150c19ab6237a194a5f917b09a95a1d784d6079c7e1d17c201b57b4d34c9c89d
3,data\stimuli_study2\rep_03_prompts.csv,36,none,809989be485e73f7b6a0f71d06591d04c024f48863ffc1170bbc5cc49de9b8dc
4,data\stimuli_study2\rep_04_prompts.csv,36,none,74d0faf623a87e81eebfedb249384fa61645599169667f6231cf3ddffbe78151
5,data\stimuli_study2\rep_05_prompts.csv,36,none,7aa8392952991a201072674d4ae16514c2079a6bf378a8a30ed6c4def2195b60
6,data\stimuli_study2\rep_06_prompts.csv,36,none,0ea36218a18f9bf4b5677054be88cd4d8c831b63589646b40865cb5faf9c174e
7,data\stimuli_study2\rep_07_prompts.csv,36,none,c185bf17154a9c6309fd3e97ea93768b7991cb2262e86a488284a285086dea78
8,data\stimuli_study2\rep_08_prompts.csv,36,none,d85fbc8160a25fa07561a13e6de9c193081475e0f803b129b8c981ed2c8ab6ae
9,data\stimuli_study2\rep_09_prompts.csv,36,none,e1523d0b2b8d6cad79f0e2597edf16dbd5bb434c126e39f8c3bf0e505fb4bf3e
10,data\stimuli_study2\rep_10_prompts.csv,36,none,d6b8a6f84b20d11c2202ca86b8245327dce28c6eace29e4adcdaf39dc1d1237f
11,data\stimuli_study2\rep_11_prompts.csv,36,none,16c6cc0cae23a41b7cfbe7595e0c9e479148652fdcc13f4422bec6d666b7896e
12,data\stimuli_study2\rep_12_prompts.csv,36,none,7aa0e246c3d3c5716c95ea8b943c71fa2603130e905a23a7f9c6794937495eea
13,data\stimuli_study2\rep_13_prompts.csv,36,none,8b4112b0682cf4d32e675e11cad0028d6ed2f7d0cfd5b9ad0802725e1901cc65
14,data\stimuli_study2\rep_14_prompts.csv,36,none,813af72a34a4a86bed225d164da8d55f545ac574534c685f71c3457af7db8575
15,data\stimuli_study2\rep_15_prompts.csv,36,none,20492454e4864253bf22f383901dbbe5f94dc68872450fafb0d816557020f279
16,data\stimuli_study2\rep_16_prompts.csv,36,none,92fe351b8bde15896acd7304d76a3958a458c09c72cc5fbc02f1e51b1a06ff42
17,data\stimuli_study2\rep_17_prompts.csv,36,none,509ba7e3be35b69b7ad71c379060cbd655c6ff0ec37485c0996376b551286cc2
18,data\stimuli_study2\rep_18_prompts.csv,36,none,16e1faadaadada2ef36ed57be7bd6ce4a939ceaf8f00c0ac9f52aee08f9506f2
19,data\stimuli_study2\rep_19_prompts.csv,36,none,df1ef09dbe172c753a11909531a87e60130c4ff99171023c44ec049caf6eab6b
20,data\stimuli_study2\rep_20_prompts.csv,36,none,a60851ed1ba9364c5d71ecd78bed164395fe928955a7c41d5b181e611d9e0310
21,data\stimuli_study2\rep_21_prompts.csv,36,none,74a430e70bde2496a23276b22c34005bd3a0e52bc86b4cb5d017a8790b709598
22,data\stimuli_study2\rep_22_prompts.csv,36,none,f6167098f494547e9945a3fbba45d1bc618e75ea3e2e32ae0fc95544f530ba64
23,data\stimuli_study2\rep_23_prompts.csv,36,none,17fbc180413d26122be94122a02a89e8d64107c65e5f668a5416fa0704d492c2
24,data\stimuli_study2\rep_24_prompts.csv,36,none,ea9903e9ce09eac1a29df733881e3c4e8fddcdf947f2aacd85dd1b3cecb6b0a3
25,data\stimuli_study2\rep_25_prompts.csv,36,none,cec99ef7254bb0e01cdf396c73ff67ac8a78f4f5166d34b837f24d67e95a44dd
26,data\stimuli_study2\rep_26_prompts.csv,36,none,2a8d4eb9cc9cf7a4d5169e09129a8932e8f01799fae4ade867809f6793f1e32e
27,data\stimuli_study2\rep_27_prompts.csv,36,none,b9b00ffb4fbdf11eb904400765af1eec0fb55d2755e75bd63fbf9b14a20e48bb
28,data\stimuli_study2\rep_28_prompts.csv,36,none,181959a2296f5ba741abf5daba02c1c004f290f3279c0871b096266cbc791ed9
29,data\stimuli_study2\rep_29_prompts.csv,36,none,c41c5771997846fc96226ea2e4966b5aac68db7a2b4b6e93de9af70ccf011951
30,data\stimuli_study2\rep_30_prompts.csv,36,none,8cf14c583a94e837ffa6055d3f45df38bee7852041ae23a95b7b150d4da57d26
31,data\stimuli_study2\rep_31_prompts.csv,36,none,9bd181d391277f84c218a36c02be11441e874843acd58e46d7e8afe38bcfd71e
32,data\stimuli_study2\rep_32_prompts.csv,36,none,fe75f01792ec47c95b73dd984d930af8b487a93dda30e110c9d9201f8faa0147
33,data\stimuli_study2\rep_33_prompts.csv,36,none,ffba32720ed9931f9489038ff1b5b93517bcf18fafca07ed27fc1ad5d06b1bfe
34,data\stimuli_study2\rep_34_prompts.csv,36,none,a5e9abc4a4845eaa70ffc91114a3417bcdd97a9ae6fddc6d8787925905f83779
35,data\stimuli_study2\rep_35_prompts.csv,36,none,4b66dbbfe17f7c1d7661e3a69621e49167f4ac614faf29d76d48808a11a0dbe2
36,data\stimuli_study2\rep_36_prompts.csv,36,none,5a89a0bc9ffa95820864d2f037fd2d0b37faeb7b7c4517abee2f5f04c3098f2b
37,data\stimuli_study2\rep_37_prompts.csv,36,none,5b3f933669a540d6b27f897ac9d41c9347d4e1118a53937f8b872f9ddf327de1
38,data\stimuli_study2\rep_38_prompts.csv,36,none,d29c1999de84dfec5305101691d9781a9dbc19f9793e4b5caa02bc1be7ec85f8
39,data\stimuli_study2\rep_39_prompts.csv,36,none,d295ef28ae7284518d6b9731f0715331833fe5e70399bb8dc2af7e65795f9bab
40,data\stimuli_study2\rep_40_prompts.csv,36,none,941318583dfa7bb3fe44d17b7f5b9c337dbcca35213b6bae2054ac0d8b0fb511
41,data\stimuli_study2\rep_41_prompts.csv,36,none,280e46a4af94cb2e6c3e0dd6f4ae0105af931e8f0dfe00d51dbfe076d048fb04
42,data\stimuli_study2\rep_42_prompts.csv,36,none,61a767313bc096e193377c16cb83acd8567240900b7190f460f2b3dfe293f2c9
43,data\stimuli_study2\rep_43_prompts.csv,36,none,024347a4a5a8083edb437d6c379256fab3e729267a4ca7fbf6cc43827ada84bd
44,data\stimuli_study2\rep_44_prompts.csv,36,none,3b46faa0c2e16e087d178879992f8c78d4b29d4fcd719da467dffaa940be9644
45,data\stimuli_study2\rep_45_prompts.csv,36,none,ba55ea693745ef83f7ec8131a1a918ed214720b48ad8bab7a326b96b2c259788
46,data\stimuli_study2\rep_46_prompts.csv,36,none,a4aafc022d637fcda3ea646b232d1e69107891a466ea2938283c840f25ee7be2
47,data\stimuli_study2\rep_47_prompts.csv,36,none,f20ba7639d30318891a023ac2f57bcaf3e2531c3009a8ce9f47afc74c08b377f
48,data\stimuli_study2\rep_48_prompts.csv,36,none,49597f1e823ee8e9823e75baec0e3564539ae723435074a3925e72d609632341
49,data\stimuli_study2\rep_49_prompts.csv,36,none,c994b4440b75908ff5fe545ae3cf25cad8b10316a40c626f5ddd47d443d64273
50,data\stimuli_study2\rep_50_prompts.csv,36,none,b73658f6ba14aa0f1a07bef8e0dce8b680d531089685be7e2bc2cdfd727332d8
51,data\stimuli_study2\rep_51_prompts.csv,36,none,aa4fd579632d81b9f5f7aab09a71226418ff87b92e31a8d12d5bffc5c005943e
52,data\stimuli_study2\rep_52_prompts.csv,36,none,732de3d0b799438e47ceb275e7b54d869166efc72ea2aa3201e529b021a123b7
53,data\stimuli_study2\rep_53_prompts.csv,36,none,073e84a119bf3a81cbd66a885684b5ff1fe66b0a5a00a49ee0a9c1799f13ea03
54,data\stimuli_study2\rep_54_prompts.csv,36,none,9b77e64a3af9776b33eb8457c1043837c1541fd1daef0636ef34ddef87248156
55,data\stimuli_study2\rep_55_prompts.csv,36,none,a458c42602c4f7d0c1e5fc7d07915d0d933079027344c1dd7fc7e04ae4bf8c10
56,data\stimuli_study2\rep_56_prompts.csv,36,none,122405af94fea424e30a8de28d8202ba6ff4d477243b4c895de3eb678edfc841
57,data\stimuli_study2\rep_57_prompts.csv,36,none,256a2afd84c1cbe5ad6db5dcc0dce3518dcb9f1db846d571c60f6004f7233a6a
58,data\stimuli_study2\rep_58_prompts.csv,36,none,b36da5150cac485f127e87f632f5712d3b70357d86cf81f4e631ef7fcca0de8f
59,data\stimuli_study2\rep_59_prompts.csv,36,none,2d749797a3b1a71e7d36b7da59c20c257d5af157161ce30fc3c5121f97db093d
60,data\stimuli_study2\rep_60_prompts.csv,36,none,ae0fae74b921c7fb2421ad6a5e29978bbd072ca3b457f58b022021cfc476feed
61,data\stimuli_study2\rep_61_prompts.csv,36,none,cf40a4cee2cd2c248b485f6dcbc26838dfd8db94d3047dfaf590ae85c0877b72
62,data\stimuli_study2\rep_62_prompts.csv,36,none,776ea4d706bc1714e3335dca3ac9581fab90f028d7ee90c449e7fa1c9df42662
63,data\stimuli_study2\rep_63_prompts.csv,36,none,b4d15e94eaae1eae221396ca8775cf561da3e3a97a06697e3a9508ae5c3ecfd7
64,data\stimuli_study2\rep_64_prompts.csv,36,none,1eb48f8c72840995d2aad54a356f0f3c635bf1b640d2f2017ba4697e15f7ad9d
65,data\stimuli_study2\rep_65_prompts.csv,36,none,a7e38c2d4d7334ff06cbaf476d27255e6ba9afbbf4334a19806b3d1b00d08af6
66,data\stimuli_study2\rep_66_prompts.csv,36,none,2e1d72710e90543e93abe0cdf4699b455c627632d8a743e03f8df434124b881e
67,data\stimuli_study2\rep_67_prompts.csv,36,none,42ad0cb825ca9d78420b41db317e34621e5348c22e05529c356f893b951bcfc1
68,data\stimuli_study2\rep_68_prompts.csv,36,none,47a29ebd89513d90957927f28627fe5c84928631e565c5ec0b1aa1187e3efcca
69,data\stimuli_study2\rep_69_prompts.csv,36,none,fdd280ccc9f146239579a2d295698f80cb48e1a3814159337b1a788c9cdd4b0b
70,data\stimuli_study2\rep_70_prompts.csv,36,none,27db7a03e5ee699dc50ef63bc2bc97a90fcf6c7ee71e050c8d93441bc66e3628
71,data\stimuli_study2\rep_71_prompts.csv,36,none,ef8bd9a8e778472eff2cbba49c6b7c18c69a1d7cb25a1610ef191cef6adfd3d7
72,data\stimuli_study2\rep_72_prompts.csv,36,none,7936a6c1c2c979ce9405a5554c790d08a7590285454e990e75087c93c924791e
73,data\stimuli_study2\rep_73_prompts.csv,36,none,5b898792061bef02f76077f021a94e3685b930c298d78e0ba93726cd0e0543ed
74,data\stimuli_study2\rep_74_prompts.csv,36,none,f849ef2d77f65140f0bcf6b049084a28f2e336082c11e8608510a21a3c6ed99e
75,data\stimuli_study2\rep_75_prompts.csv,36,none,b97c5ea6d2c4119d9bbfe2fdaecaa0dd029a1cf21f3251a3903bac09f3f8f9d0
76,data\stimuli_study2\rep_76_prompts.csv,36,none,5c399e3b2a1ac1983688cee82ffd7245d4574991e5aaa005f50a564ddbec75c6
77,data\stimuli_study2\rep_77_prompts.csv,36,none,e78268aa7f8f7f14585315c886009027c3e70e3ae9b03a3cfbda2749710b83b7
78,data\stimuli_study2\rep_78_prompts.csv,36,none,492fc9b924d7e61bafaa23d0b85c9b7c744a88213668233aea1c3bd28b47c7d2
79,data\stimuli_study2\rep_79_prompts.csv,36,none,f9c87017c1839d313ce64494fb6ce61be48ab597a809d6d7a5f0c028d78e0877
80,data\stimuli_study2\rep_80_prompts.csv,36,none,bbeede88f8d4a72863cc9d766a8854440329842d3eca53f4acc1a055c596ca7d
81,data\stimuli_study2\rep_81_prompts.csv,36,none,d36b3b2d014ff8a7af5bc07fac5e7f27a6f695eff9d8e33fdddfd98e3ed9bd58
82,data\stimuli_study2\rep_82_prompts.csv,36,none,ce0d8e04df2bea2626d3f9dbd7d25190ef9c67b3bca7e8f1e8ba4db86a593046
83,data\stimuli_study2\rep_83_prompts.csv,36,none,0531df0e5e11b00095cf6b711ceb470cc4bfd718e826141dbe36f42d90e7e269
84,data\stimuli_study2\rep_84_prompts.csv,36,none,adf03c5c4f81abb295a5fc58038a861c18ee249cb0cf2993aa847a56d264e3fb
85,data\stimuli_study2\rep_85_prompts.csv,36,none,95d3670d9d15436e0fb976023ed32bad2b5b830d6ba74fefd1b04013543b401c
86,data\stimuli_study2\rep_86_prompts.csv,36,none,c1411bf170f6fbd303c66c240ce2a41744c8925fc0b2f104c79625fcdbd3acc8
87,data\stimuli_study2\rep_87_prompts.csv,36,none,f78aa223bf970b1d5f5c80f2654f6cd34faceb218b914e3553e6e1777bbd6ed2
88,data\stimuli_study2\rep_88_prompts.csv,36,none,9b9edc600f9500536d631a7aa146b60ad3337fff702cbe657051b414516efa52
89,data\stimuli_study2\rep_89_prompts.csv,36,none,c4ae19cf540d6d38a73249efc1f674d9982c4faafd2971f533ab8f55b6998780
90,data\stimuli_study2\rep_90_prompts.csv,36,none,f6116e8fbe14f4907ffff2db0d7c3adece1f54f16e8490f25c527cb4563af8fb
91,data\stimuli_study2\rep_91_prompts.csv,36,none,6c5367149d4e9577bb31fddbca26c6297f8be13103675fcc9dbd9e991c92d225
92,data\stimuli_study2\rep_92_prompts.csv,36,none,960987ae6b77b4fbe7bd0f5d8b1a8e9d448a6a27ed7f5faf22cfbfa0787a84af
93,data\stimuli_study2\rep_93_prompts.csv,36,none,06157b92d7727131ad649bd046aaf7af48b719b8ca4c464ade5b8237ab7557b7
94,data\stimuli_study2\rep_94_prompts.csv,36,none,7a896b5fff73f65d208e242d73cc0369ab72fabbd05801c567250a29424d8b34
95,data\stimuli_study2\rep_95_prompts.csv,36,none,a6e0a15ce32b4617a1b3ed0a66b6f63d7e8db34e3e0b901c51457e5017de8946
96,data\stimuli_study2\rep_96_prompts.csv,36,none,d722a6ddfe11fee6e51bd3ee6528cdbdf67e0b813e93c5936d4a20f2057fa164
97,data\stimuli_study2\rep_97_prompts.csv,36,none,220cf703955b34b5a551e84d44bccb80ce63be06627df05d832d99477e48f625
98,data\stimuli_study2\rep_98_prompts.csv,36,none,c81f31e7f8e98ca38b3c769458913e6b01f4b1b81db5c42307b492726dfec6aa
99,data\stimuli_study2\rep_99_prompts.csv,36,none,190b94bef82c70f4ecbf67069fc5339356ec9bc3e9469bd2476d4c53de7257fc
100,data\stimuli_study2\rep_100_prompts.csv,36,none,6fc61b2d84b3aa8763f3158a280fa98b41ea94ecd846cc3861d1cc90c013551c
101,data\stimuli_study2\rep_101_prompts.csv,36,none,3cfcbd084debdbb5a102e593e3e710279f145d535870bc4cb87c535035481409
102,data\stimuli_study2\rep_102_prompts.csv,36,none,60c17711b45a6824aae780e924b91cfa4178ce50ed286ca80ec277b0a1ad2323
103,data\stimuli_study2\rep_103_prompts.csv,36,none,80b50c963cc196fb35215e6cb408adf67d1bf4979b95170c799bab1c2c26411c
104,data\stimuli_study2\rep_104_prompts.csv,36,none,e2252130854766a118981c373abe273e63dadffbc7f224e6f2ad69af4d8fd2f0
105,data\stimuli_study2\rep_105_prompts.csv,36,none,8337ff55ba0922891481cb96a6fc3b776f6b0acc5cb43024871290fa5b9f922e
106,data\stimuli_study2\rep_106_prompts.csv,36,none,f62c3a285890348adc9eb3665298e7245c735b12d42f6e39a830f10ded896997
107,data\stimuli_study2\rep_107_prompts.csv,36,none,645ce61cce9078bdbe4becf9e15c8c229798a164e194287e4c777362aa2a0b1d
108,data\stimuli_study2\rep_108_prompts.csv,36,none,a7aa7135ab8ce27d56a53648f2e4aa184d09c482e6334f7a2e3805aa893618c2
109,data\stimuli_study2\rep_109_prompts.csv,36,none,06358a4f28e3103e6d3b8400267a429be454b42a3690faacc5368e7885efa7dc
110,data\stimuli_study2\rep_110_prompts.csv,36,none,ea4ca90638cbfc7e4f2b57d6adcc4f26d1c160dc72b5be75628f8ab70644de44
111,data\stimuli_study2\rep_111_prompts.csv,36,none,5f0d18bc9981f779f33af1cfa9a6166c9a6cf6a4f30bdc9044b67fc614cfd238
112,data\stimuli_study2\rep_112_prompts.csv,36,none,6aba6ebbe3072b6a7222775478bece0768299a35664e0a8d0209c079f70916af
113,data\stimuli_study2\rep_113_prompts.csv,36,none,be069784be9e394af8a2494ac71889e7aada98e5c100543af8aafd12601f12df
114,data\stimuli_study2\rep_114_prompts.csv,36,none,fa5c47c05859ed962c8da18ecbfdbff437c47b0619de84bc14d54f30583a8a58
115,data\stimuli_study2\rep_115_prompts.csv,36,none,4123441d3f3a4488d13e05acecccdf10e38b24a965c430caacbca02abfcae6e3
116,data\stimuli_study2\rep_116_prompts.csv,36,none,17ad87b91b6e1b5c59e8817242830d61f2a90399494b37d22848eb014c635107
117,data\stimuli_study2\rep_117_prompts.csv,36,none,35a29036f9c7348a10920c0ab369922c7c0e9cea5ca1331b5d77593ff1459db8
118,data\stimuli_study2\rep_118_prompts.csv,36,none,e0616b488ef72c341753f89aba943fea1308b2e1645667640370370b8e03423e
119,data\stimuli_study2\rep_119_prompts.csv,36,none,78f8b4cdcdb291a2418eb5322761ba72d36c86f8bad289fdc6c0dcb11163e87c
120,data\stimuli_study2\rep_120_prompts.csv,36,none,e8ed9131976535b133cac79eff27008dcd48f847af74a99b3614c615da26011b
121,data\stimuli_study2\rep_121_prompts.csv,36,none,8bea1ab29903a1fb529cbdd3eb86d36b4155fa354ad6c817f28e62e6c1ad99cc
122,data\stimuli_study2\rep_122_prompts.csv,36,none,608cf985366992b0442562708c79db69998e6fc0dbe1d7bbc2266ef986734273
123,data\stimuli_study2\rep_123_prompts.csv,36,none,7f3dc557cdcf2c63e57443adb733ca41bde61ae64ffc61fac1d40cb2e4271337
124,data\stimuli_study2\rep_124_prompts.csv,36,none,a7ab5586a76556b614077b80d650c85a23e55c28df21a8688150db49f971ee8a
125,data\stimuli_study2\rep_125_prompts.csv,36,none,48e6c25e5181cf9d19214089f8857ed2f22ee2b4af219284bbd97f4538effa09
126,data\stimuli_study2\rep_126_prompts.csv,36,none,d593a46fc59eb38cf171ab05bf7cb20593386b8dc3b65c3c684b1c8db5110395
127,data\stimuli_study2\rep_127_prompts.csv,36,none,aac1306dadf221acd85a21f32386062751fe3b76c9056303ad8d5c9551a63ca1
128,data\stimuli_study2\rep_128_prompts.csv,36,none,8054eb2a3430fa612719afdb8715536439f779445733e3ef9147dd62a486eac4
129,data\stimuli_study2\rep_129_prompts.csv,36,none,b2d8a555741b98c2b5eb1156db09cc3b129fb212dff202a9e5b9e47ef6258b77
130,data\stimuli_study2\rep_130_prompts.csv,36,none,d92aaf9560b6aef91f3c07b0355ffce199b1becc71e05a07d9321604cfdf3537
131,data\stimuli_study2\rep_131_prompts.csv,36,none,0ba9f3ff631a8165edbfe61154f7553da04eeb2b7645703073a111098fe2b82c
132,data\stimuli_study2\rep_132_prompts.csv,36,none,b69c03aa1b17d4922a84d4eac18976a755f5658571c8f469a491d833863dac8d
133,data\stimuli_study2\rep_133_prompts.csv,36,none,ee0e84af65d5be1e5c0e51acbab63e6e774052ee3c7f3a82fb4f6d32ba10274c
134,data\stimuli_study2\rep_134_prompts.csv,36,none,e413b35ecaba5347ea686103cebe1153116126b22e99b1b7826918a689c67b3e
135,data\stimuli_study2\rep_135_prompts.csv,36,none,7078ce7d6749e01137c87deafb0947e409b4eee59d89528de2ba635c80fbe9fc
136,data\stimuli_study2\rep_136_prompts.csv,36,none,da1399457ae26c1404a719112304cf4d1611456843ad482cd7bd3cf787d72885
137,data\stimuli_study2\rep_137_prompts.csv,36,none,3e42b26e17be4f405460deb08d807ffcc2b83c3c2db61631b97b6d6536273169
138,data\stimuli_study2\rep_138_prompts.csv,36,none,6d896abe45dff91f5123767075603766ec168c4672174b96173a6059ff15d5d8
139,data\stimuli_study2\rep_139_prompts.csv,36,none,e4616c604938d11803c28c0634a1d81eb48f690cf5c257e1210ca4ae1d6b5999
140,data\stimuli_study2\rep_140_prompts.csv,36,none,d1ebedb464fcd0333a5c10dd960c743d851360b8578c6d06921ad7cdfd249f4e
141,data\stimuli_study2\rep_141_prompts.csv,36,none,d7daa5748f11d698e355b054adc28592cf434ef4e77613b88184ae204244ea69
142,data\stimuli_study2\rep_142_prompts.csv,36,none,ca682f667e5c6a2c05acaec5e153595b9cad95cc6e2efc9a42a2ce5df006b024
143,data\stimuli_study2\rep_143_prompts.csv,36,none,a340d79698653355090ca64f0f481a56ac0835c797fa3e9d14c35427e79bc968
144,data\stimuli_study2\rep_144_prompts.csv,36,none,28a8d919611c6b6dbeda585af22a265b9f7d57f294754ec70e1c36fbb898c34e
145,data\stimuli_study2\rep_145_prompts.csv,36,none,0dac03a6cb6916bd947196d29dfe8711996cb228e708eeb80dbd320a8032cac1
146,data\stimuli_study2\rep_146_prompts.csv,36,none,a0e3a4e37418e54af6ce89a8e10bcdfaaf8f51cc3e32068dbf3d4db2990f602b
147,data\stimuli_study2\rep_147_prompts.csv,36,none,c787b49cf798352a38b23e144b7fdec92870785bc2f60d680ee9e25279bd0baa
148,data\stimuli_study2\rep_148_prompts.csv,36,none,5de9aa0245d7c42310cd3f1f2ffac565445aa7ee832c4a4cf337565f141d1b58
149,data\stimuli_study2\rep_149_prompts.csv,36,none,90afcca5dd865c6ecf8f1f8e6671ff1146e1098342683f655cc84406ef5c2328
150,data\stimuli_study2\rep_150_prompts.csv,36,none,22e5ca698db9fdae326400beae01878b490d9d4acd8e0b06b56461a2498a7a51
151,data\stimuli_study2\rep_151_prompts.csv,36,none,34beaf562968242361a753b0c3534a7df24e8ea86ba83f3e083995b2ee803cb1
152,data\stimuli_study2\rep_152_prompts.csv,36,none,c6f93ea207f0edab86716becee71c70cf72c699c0401473c06868855cfe21c69
153,data\stimuli_study2\rep_153_prompts.csv,36,none,23831df15c2af240a5fd712ab520709f2fe4fc91cf81f41aa2e76f0576fd23a2
154,data\stimuli_study2\rep_154_prompts.csv,36,none,15252f8bdaa0a58046e34a8bb2bed85ecc6786bb180ac334fcf06cd8a92d6d86
155,data\stimuli_study2\rep_155_prompts.csv,36,none,49766f686d1306f723e5f46d33070323f621ce56995d0de0bf5556cea8d73f20
156,data\stimuli_study2\rep_156_prompts.csv,36,none,05a5b0f53d0b7d6e73fa28e1c2b30227b3c0cc4b7c308bca5c71ee603f977e05
157,data\stimuli_study2\rep_157_prompts.csv,36,none,009a048b5104579fe8fd76040aef3c3a62113c1fd74d5543468af3965bde8a80
158,data\stimuli_study2\rep_158_prompts.csv,36,none,dc9cf64ce8001ec4638052bc3b862d7e61e0ee34f264109cc51207ddfa813497
159,data\stimuli_study2\rep_159_prompts.csv,36,none,6ea1751f6d236417c48f7a0e58d82238dcab0e8d19fcc6bb52b6f51fb8602df4
160,data\stimuli_study2\rep_160_prompts.csv,36,none,846aabad3187cc524297d50ee25830c3954b2ecc4d26228d974b0a58e29ab7cf
161,data\stimuli_study2\rep_161_prompts.csv,36,none,db2bc3687ba510f0cfcd02d56794845a450e6b5581dcdc16970f19935a02822e
162,data\stimuli_study2\rep_162_prompts.csv,36,none,c46a37f0b0169ffa3d811b741aedea57d3966c9b19706330309417182daedda8
163,data\stimuli_study2\rep_163_prompts.csv,36,none,b72adbb7c7af7707a530c9d96fc206bf542159d64ea4b123b80be5470a6b16ff
164,data\stimuli_study2\rep_164_prompts.csv,36,none,306c7bc7b8aa8437c6cd441759a417a838ece5508777ca57f6c99755d43b149d
165,data\stimuli_study2\rep_165_prompts.csv,36,none,411e71dffc5391b5bbd2e8633e6571ace671b94369c19d4523346dff17d2d9ff
166,data\stimuli_study2\rep_166_prompts.csv,36,none,d8d8c3b8b46f7d37cadbb8c92a20deb11fe4f7daa633a3d457221918d958d6aa
167,data\stimuli_study2\rep_167_prompts.csv,36,none,a4087e43ad517d06ce0b5cbc9f60c96e6e8da678dd86be05e12065a755a7c293
168,data\stimuli_study2\rep_168_prompts.csv,36,none,6c0353d20c907bb8b59a1a968260b791d4c426b281ab59f113157089083550a1
169,data\stimuli_study2\rep_169_prompts.csv,36,none,ae497350bf61927b6fde7c9a35cad3cb42433dda32195d2d3691d70d274bf8ab
170,data\stimuli_study2\rep_170_prompts.csv,36,none,bc6b681b28a2e3f469ecc5956760b93f0f7ba2cdd3a8c4c3921d45b417642171
171,data\stimuli_study2\rep_171_prompts.csv,36,none,48ec652420ecc17b315599620c5fcb01451698c86a327b0137657625181df586
172,data\stimuli_study2\rep_172_prompts.csv,36,none,a37407451f6d6656171207db0a4fd921786a407ca11bf9c86cb0ffab1ad893ac
173,data\stimuli_study2\rep_173_prompts.csv,36,none,05baed24ba13a2b15fe5171a2d4f49dc29e26353cd01f76f594da879a7a629d9
174,data\stimuli_study2\rep_174_prompts.csv,36,none,433b9851537b3e487367c914e138cee57950466dd179bb007879202d518ebdbc
175,data\stimuli_study2\rep_175_prompts.csv,36,none,e1a9d8c97f54de62fbaa17868bf6dfa6e315710216ca9e3c439a557fb926ea2e
176,data\stimuli_study2\rep_176_prompts.csv,36,none,c17947943bd585162790e0ab21f34a0d6860b33cf80c8625da0a726994e09bbf
177,data\stimuli_study2\rep_177_prompts.csv,36,none,1995c9a483e5380b13f8decee38003f42bd4a74d621671346de317f4db1d1d74
178,data\stimuli_study2\rep_178_prompts.csv,36,none,fae96044cb5efc0b3bc8308738e950dfc2f653194156e322dca55f465104f4c8
179,data\stimuli_study2\rep_179_prompts.csv,36,none,ff419d0a8b57b6fac90243013d3efd6bda83b0489cf2e7b7229b28d25142ee8a
180,data\stimuli_study2\rep_180_prompts.csv,36,none,eab4aab043e113b2344f480b16bdacbcc6f619abc4505a9442b549eeb8651368
181,data\stimuli_study2\rep_181_prompts.csv,36,none,499e7d0c6cf683092544afc0cbd00e3cfacf86faaa3a42f1ac121701ac3d6009
182,data\stimuli_study2\rep_182_prompts.csv,36,none,da847b3972592593271c32cd79252a3602a84cf54b92850e6a9f6f1f66c037a0
183,data\stimuli_study2\rep_183_prompts.csv,36,none,b29ca447751fba3991da6de4a52f3dad014fd26bc59fabe70a4dc790fa01115a
184,data\stimuli_study2\rep_184_prompts.csv,36,none,99cd54772ebf39025391e75b5ab882669314b91df06f64d6b001ff2259bf0675
185,data\stimuli_study2\rep_185_prompts.csv,36,none,c67e8902adeac524ec31c600da244fedb6356ea2b5d694fc98ef27c197c28244
186,data\stimuli_study2\rep_186_prompts.csv,36,none,8648544f28d9fe3258f2c4613202b10996d7f2907623f9e207479b641a8826bf
187,data\stimuli_study2\rep_187_prompts.csv,36,none,fd1649ea180492376706d2246a97131efb6f374e3ef680313d63a9771ffaea4a
188,data\stimuli_study2\rep_188_prompts.csv,36,none,3fc8a4736d3929284831b858c7ab8c9a95c98f44f2a0fb34b6cb76620c9c277f
189,data\stimuli_study2\rep_189_prompts.csv,36,none,fc7877f0e2aad2445b291a2d750aeeac957237463ea0ee7c9b25268831df74f1
190,data\stimuli_study2\rep_190_prompts.csv,36,none,0788c7728e303e1763a221f652ff0bd8b43eb34cc5e79b6b87814e2da624626c
191,data\stimuli_study2\rep_191_prompts.csv,36,none,8b4d5743b1b0fb9f5652916baa57ca324b897d8bddef714897d842cf6985658c
192,data\stimuli_study2\rep_192_prompts.csv,36,none,a04bebc16cea67de159ea8dee101e68eec6737d0da692431931637ae58158acf
193,data\stimuli_study2\rep_193_prompts.csv,36,none,4e62a5cd9d9e372af0e46ccb5c0ad29d793aa2797bd864ab5aa98774a59800da
194,data\stimuli_study2\rep_194_prompts.csv,36,none,5ffa3e2f58840b8fd9cf43fcf6696dd3acc31dd3698b2cf29ac3babc63feef28
195,data\stimuli_study2\rep_195_prompts.csv,36,none,f1772c2dc36335e13143e7b22818a0d942c3a2402eef520d989c9e3aefecded0
196,data\stimuli_study2\rep_196_prompts.csv,36,none,e3f28b38535351fd59cb0d7333dcaf7d29b8447b1b6a97519cde9cfce7a241a4
197,data\stimuli_study2\rep_197_prompts.csv,36,none,daaf34e93c9c1992faea87ba0701209ee3512aca2a225a045145b8077e3e6379
198,data\stimuli_study2\rep_198_prompts.csv,36,none,1e9c7eaeb1509160cd48fb2be005e4fa1363fda247c706c720a416fe9a2e9a5c
199,data\stimuli_study2\rep_199_prompts.csv,36,none,089de35463d8ebe64aaae010229f936c70d3e618170537f05bdfa82676b0ed0d
200,data\stimuli_study2\rep_200_prompts.csv,36,none,acb817f4ff81b923e6fb9bbdf9edd54edc0f03339f4f5c966718b3e19d973089
201,data\stimuli_study2\rep_201_prompts.csv,36,none,de0860ecd0917baf98b11b310249c341cba7aa138a4be0bcea83706dff3bd407
202,data\stimuli_study2\rep_202_prompts.csv,36,none,fce86d7c366d1a0be7fd2c884724a7cb20f6098940c42e2bf8e7c8a2c7521e6f
203,data\stimuli_study2\rep_203_prompts.csv,36,none,57823d35457d5264c81932ed0f3fcd9070d65529515328301c1144f3add584fe
204,data\stimuli_study2\rep_204_prompts.csv,36,none,da2ee46ab30f2e1a75c64cf5b2131fe09cc0e647f2369a1d9c438f06a866bd7a
205,data\stimuli_study2\rep_205_prompts.csv,36,none,ff11691207d4f7136282afd3f52e7bafb6d8e7e4ce2243936c34acc6c1548784
206,data\stimuli_study2\rep_206_prompts.csv,36,none,a40d40a6a6111d39ef4715a1c2c7000a008894bb294d2817a1ce95e856ac78dd
207,data\stimuli_study2\rep_207_prompts.csv,36,none,2bf4e41a1dff3293685ee186286ad716fa2c21c6ef53ef17ce589f883bb2185e
208,data\stimuli_study2\rep_208_prompts.csv,36,none,e1328bb09c303e4af3808e475ccb5bff023204216c47bdcd3b58e17bc1392fd7
209,data\stimuli_study2\rep_209_prompts.csv,36,none,02bc40f1332d54266a53063a1e1b29d4186c08e1eed2e22281fecf58b31a4839
210,data\stimuli_study2\rep_210_prompts.csv,36,none,6475cf099b368a65c34a68afe1c3f0de67c2f59466a5e19376869f2188859274
211,data\stimuli_study2\rep_211_prompts.csv,36,none,ff7d26937dc69edce32312d85de9fbce7025eccf0f22eca8a8ea6a16284ca211
212,data\stimuli_study2\rep_212_prompts.csv,36,none,3e6b5bcba8aa6c2999a65f29cd431ef5dc3310ce4e1714b55a0c0c45211bfe12
213,data\stimuli_study2\rep_213_prompts.csv,36,none,54a313a44bdb7c2c020d403cced46ae28277513de1c168b71f246397f8634680
214,data\stimuli_study2\rep_214_prompts.csv,36,none,c6a9f099c85819d94e4f905f8e2b93a0069228b6bce6e3740bd09596b6f77a38
215,data\stimuli_study2\rep_215_prompts.csv,36,none,b7354b193857d0f9c43afcb0f78f13d03d1479e692e6117977bfc7218cafa663
216,data\stimuli_study2\rep_216_prompts.csv,36,none,c47203f0d6c2524ab6ec1a3409e794c9f082835981fb3ac36d47fd696d32a315
217,data\stimuli_study2\rep_217_prompts.csv,36,none,d2df06b5753ffa9cc3fba6a286fe6be3f127a4f9ac55f447e76429b84dff6f8a
218,data\stimuli_study2\rep_218_prompts.csv,36,none,49ce5828ec526f99b9e9561730b5e1e68836fcbca0c0f25cff1df71911b9546e
219,data\stimuli_study2\rep_219_prompts.csv,36,none,43fb5fb5e22d8e0c25454f2a068572a6308ef28544643a87e9b8eac0c856f455
220,data\stimuli_study2\rep_220_prompts.csv,36,none,1ead95f71aac305c2b997d9543064b3e859d2274b10b6c9a395e209777adf4ed
221,data\stimuli_study2\rep_221_prompts.csv,36,none,64fd9b3145c11dc3334dd16725253952e6169612ebfc97e2e446c92834912cb9
222,data\stimuli_study2\rep_222_prompts.csv,36,none,b497888b2f538f66eb32fe2de72e0d262846471b59eae9c7f1ff557b6fcc999c
223,data\stimuli_study2\rep_223_prompts.csv,36,none,43c9ba46c0871c22777110a5d5a12cbc0e70bb114856f90e0523b665ec1a46f1
224,data\stimuli_study2\rep_224_prompts.csv,36,none,06e7a773fa2ddfb096f96bbb74c40093268e155a56e0f747a77d72d476a3965f
225,data\stimuli_study2\rep_225_prompts.csv,36,none,ef20de327cb5a71d8c7a8916ad6969e2011010a02e14de3e9054eeb2d1c0f3b4
226,data\stimuli_study2\rep_226_prompts.csv,36,none,4f83bf7dd020b3e7eaf3a248d277f52fabd13ccca6e3373c8ee09574e8172e61
227,data\stimuli_study2\rep_227_prompts.csv,36,none,36d5d476966374447b486f5ab522e44e561705e02c9442fa59aa6c52265b5627
228,data\stimuli_study2\rep_228_prompts.csv,36,none,75dd54854a383be1be4e54cb6c36629012d5603557a1caa97fa815132a7650f2
229,data\stimuli_study2\rep_229_prompts.csv,36,none,7777cf26981d9083b7245c80eccce496d9ba189947edeee51b8c24ec8d9cbab7
230,data\stimuli_study2\rep_230_prompts.csv,36,none,34e1a2e9056fb545afa79b49ec9039f409667d4108a5d61f35a07e534bd5aada
231,data\stimuli_study2\rep_231_prompts.csv,36,none,0986b66175942ba482d8f2d2e297130b27401be78ad82aa458dbca442616eb0c
232,data\stimuli_study2\rep_232_prompts.csv,36,none,1fe896c3d0aefdfffd693dc3bfd4f56d1203db0f6c9645d8b02d3c6d803abf14
233,data\stimuli_study2\rep_233_prompts.csv,36,none,5aff086a173e8dabd4244da9d3689c9b283c6650244619e4d132c15a2588f210
234,data\stimuli_study2\rep_234_prompts.csv,36,none,0e230fd79591673f3bf786000493dee510732b194244cfa32f755e94a7974422
235,data\stimuli_study2\rep_235_prompts.csv,36,none,2b4d2884b401d01a2a89d64cb9f5fa97eaaca4eeb77e630d6949da70eec1bf61
236,data\stimuli_study2\rep_236_prompts.csv,36,none,b852a14e00d39cc6e23beed710e4bcfab9f541e6da9ac3804e9a070ba23b5070
237,data\stimuli_study2\rep_237_prompts.csv,36,none,4d7336976f77a45834e3d8defa9603216b0553b8184be18ac27d88631a3139e0
238,data\stimuli_study2\rep_238_prompts.csv,36,none,f4d35ec8c9a4b638cccee364a16229f565988b5feb742d1c39f87a425e08eb9a
239,data\stimuli_study2\rep_239_prompts.csv,36,none,68cbb79fe674670494b724ff3f150cd54abf4ad73f3903d85ce7c1782f0f212e
240,data\stimuli_study2\rep_240_prompts.csv,36,none,15b6f32c3fc183416227d100a9ff02e9b716e72b78eed3c8637a731287ffa770
241,data\stimuli_study2\rep_241_prompts.csv,36,none,01d76cac8866acca73ec0c09f0b65ba7aaa4e792301cf89b0c4991d8c25c8be7
242,data\stimuli_study2\rep_242_prompts.csv,36,none,61dd2d9a95aceff6ebed294e010f9b5ba0654beedd8c717c6c6ee93a2aa06708
243,data\stimuli_study2\rep_243_prompts.csv,36,none,48685c18fd6b1c269eb4f6fde9fd04e043ff20560ae1993f5a0debbf29d2a9cc
244,data\stimuli_study2\rep_244_prompts.csv,36,none,be0fb0a6787568968237231914d86269fd43590db01db4808a14f5d37432882d
245,data\stimuli_study2\rep_245_prompts.csv,36,none,4ce3d54034b17f4036845141dc33d4ed1d91dcda473d542d961b9915f6192ba2
246,data\stimuli_study2\rep_246_prompts.csv,36,none,755a74cfaec4d0135494b030de823d14044cdea71e7ae128846271b710fec80f
247,data\stimuli_study2\rep_247_prompts.csv,36,none,b031597f9c72af6c3cf7c70de122f6d4b1e3a1430a2944d01357a1ea18e0f870
248,data\stimuli_study2\rep_248_prompts.csv,36,none,dafbde6e653f22fc68a90386f8d45297a9276536dfd32ffd17ffa775019ffe44
249,data\stimuli_study2\rep_249_prompts.csv,36,none,454f6f644e244e10d6bf6d7b42e3206d5dbd07fb45e581331c284445ee061a60
250,data\stimuli_study2\rep_250_prompts.csv,36,none,f15970b4b3923add6f42caacbcb6ae755865f58f83705b2b8c67652d503e9104
251,data\stimuli_study2\rep_251_prompts.csv,36,none,2c3f5de480ba40a9150fb80ea50781c6bb0abf34b2b90a20724d36a4786ee453
252,data\stimuli_study2\rep_252_prompts.csv,36,none,30a20bff66c28d51f283966562afbc95c59ebe504d0190f792f3f92273fa766a
253,data\stimuli_study2\rep_253_prompts.csv,36,none,13d26c0755558929e0f4b80a8877b01dfea48a376ca0b7b6bda9183e93b62e71
254,data\stimuli_study2\rep_254_prompts.csv,36,none,266d45665797e2ddae1b51e0d00b32b5a2f5c9d7749f4c84d20176e488ad8e68
255,data\stimuli_study2\rep_255_prompts.csv,36,none,e355610b78235904cdde3f8aaf402b9d0bb0c2d5d12018c9b39952399cbf0c24
256,data\stimuli_study2\rep_256_prompts.csv,36,none,6807a1c106891ba776269fe7896cb1e06b6c45be3462187f18e8e8bdfb2cb864
257,data\stimuli_study2\rep_257_prompts.csv,36,none,d7dcc829245c91487c19a4bcc3e60504ebfcaed667d69a5dd250a278156c64c7
258,data\stimuli_study2\rep_258_prompts.csv,36,none,060b560aecba71a6e4a17eeb7bb70d831f137d2fe2ba64d9ad38906dfe11b293
259,data\stimuli_study2\rep_259_prompts.csv,36,none,9c3d5ca304ff2076dd5ca19b6a12e6e38fb1e8c3f1ef40734a212c8aaed409f4
260,data\stimuli_study2\rep_260_prompts.csv,36,none,df99627ba7094d0058500970f21ba73d2e6085ce75995fadbd2e8c38e8e5d12a
