role,path,sha256
source,external_source\llm_independent_claude_rep_01.csv,cd15e94776dae2ad9c58d98b87f5b6878207e79f79e11cb7f1830515edcc4a1a
public_stream,data\public\claude_rep_01_public.csv,fc8c6ad2691ba8288af63a2397bce9d54e210447c956b979867d351b9c9bf7c8
source,external_source\llm_independent_claude_rep_02.csv,d8f7651a7bdc9e403a2acc328a11aedcae5ce5d26dd0dab2454513d5235431ea
public_stream,data\public\claude_rep_02_public.csv,eec679a64cd3d366589239c0f3b49b80509f193389adabc770c22a81b68734e0
source,external_source\llm_independent_claude_rep_03.csv,a77ebe8b2b5a8c3591c400aa71b32bb599f61b0af6da3c6362ee6bdc1e02d8e8
public_stream,data\public\claude_rep_03_public.csv,93fc64f81cefbf60a7bf2ec198d8657e3ab176d11c1549cce11f3381c1bee71f
source,external_source\llm_independent_claude_rep_04.csv,33339c2458a1fa8fe18ef299b069b164f7ff2f1197346a3ab9c3955a2ab08a87
public_stream,data\public\claude_rep_04_public.csv,cd99bf49f474727de8d394bd8a0de132e93efefb3615347217a88e52d359a151
source,external_source\llm_independent_claude_rep_05.csv,773039843e483f5870a42cef9657a8e084efa1218e6d70cd66f4a73f42de0f88
public_stream,data\public\claude_rep_05_public.csv,359caf2cdb1ced881a2922ae28a27d555904f652aa80667baed2763f2a8e9531
source,external_source\llm_independent_claude_rep_06.csv,a48b04c5dc47e0e6fe0d3cda70fec48250516f09946e8fc0e9b1b4a089e3f2ee
public_stream,data\public\claude_rep_06_public.csv,78df0bbd6e92f9e247960147c4577cdf9e5768b41bee67a0e1ef0a37fd521812
source,external_source\llm_independent_claude_rep_07.csv,8b4848cedd83934c047249d7b7372c01c79aedddb54c8b3cc497010198763d19
public_stream,data\public\claude_rep_07_public.csv,ebdcf025eaa0164bf2b7689b38b30c790e52ef3ea66d3ac879e9f0b6038e85f4
source,external_source\llm_independent_claude_rep_08.csv,3ee264887fca7ad34ed230e984bce214d51116330acb5d187237740c6984c4c3
public_stream,data\public\claude_rep_08_public.csv,b586d1118062a0a01fd83c2934b45b6980d5f35080ecdffa72c3e433e8ced24e
source,external_source\llm_independent_claude_rep_09.csv,e8f68e1179618b9b1da6e62bb4f254facdd217ec0ef1078c4d87fcf539dacf57
public_stream,data\public\claude_rep_09_public.csv,c7ff5057ae89495ab3bcd516fbbfa771a12b59206cf3c57c3f8978902ba823ef
source,external_source\llm_independent_claude_rep_10.csv,c25139244e71ac670c13b57641e8be5130053f495a9e6c6161479d90abd77767
public_stream,data\public\claude_rep_10_public.csv,f16493fea8c5a4b08b810eecc461c17e178a6e621a450625df59de07a5963658
source,external_source\llm_independent_claude_rep_11.csv,170a20df2e500692e61bb731339790ce48880016ed50b9b883e424382eede230
public_stream,data\public\claude_rep_11_public.csv,0e4ef6f82f473b14a357f43eed2c556e4ebf435610c8d5eceee22a986a940015
source,external_source\llm_independent_claude_rep_12.csv,722444a78284caf7776a1d1fc66cb4ba312a68b7adf39413ae73cf91f039d0ac
public_stream,data\public\claude_rep_12_public.csv,597e5a757d5bc12e816e88a199f2400cb70510dfdefc5be09976e8c4cbeb6996
source,external_source\llm_independent_claude_rep_13.csv,71654fe445a9e312aa581e0422dfed9e7d086410df91cce30c8196ec707c4a71
public_stream,data\public\claude_rep_13_public.csv,83c53ab973b3a10189afce7a634655593f168e2e396a98070130bf4d6849cfc9
source,external_source\llm_independent_claude_rep_14.csv,21b58ed2d81ef79d62c9b209d1a43e97b0d0243df7f140061850458e9cc40f8a
public_stream,data\public\claude_rep_14_public.csv,2acf7263d2fc596a7133672e5a9e1d0ea4d9214197767a5c0ecfee7d019e7dcc
source,external_source\llm_independent_claude_rep_15.csv,7baff7e7ad20d00961b31b727c986b8ec204abb22eea2b9856578709c541ba90
public_stream,data\public\claude_rep_15_public.csv,bc6477d5e0f9d373836d5d95a9713dbfd7916ee810bab8d050ba0e516006e71c
source,external_source\llm_independent_claude_rep_16.csv,f45bfdf100cc09d40bd7a7c55d02f5b07b2b59c3f4532694c13ae479fc74cdb1
public_stream,data\public\claude_rep_16_public.csv,b6f4818fa91e3ab3acc57e1a9fbcf1778a29c52e0e4a5cca3a032d8dac870a89
source,external_source\llm_independent_claude_rep_17.csv,a2797209261cbedd53a92bde3493c16cd566ef5f1eb86564e48b31d506ebaacd
public_stream,data\public\claude_rep_17_public.csv,0dd0db8169ba83776e21eb59e20cef4b2f62bd46e982dadbd9687839fc8a68d2
source,external_source\llm_independent_claude_rep_18.csv,e83ad0fd432ebf79bf150fd587c17e51cb5f109ec081a717dc4f01f4a6f350d9
public_stream,data\public\claude_rep_18_public.csv,1854a020c70a632a3701360c3adcb28d9b317a7f724cb26e111eaf42391d8184
source,external_source\llm_independent_claude_rep_19.csv,1c08fc276cfdf0a19af2bc24d8be7d0c22f6ba875e3757a0faef0b48691382bc
public_stream,data\public\claude_rep_19_public.csv,ce5c71783567ec863095911ae94623f8d8e87f0cf53b80bfd99a5689c32f95e4
source,external_source\llm_independent_claude_rep_20.csv,b1e0300010220da7524ae46aca2bbab866e000f843a57c492b7586f70fbae204
public_stream,data\public\claude_rep_20_public.csv,d775b8ebd5c9f669f983df5341f99dbb219ec2c0ca6e89ad5b9b78fe1e5ff05c
source,external_source\llm_independent_claude_rep_21.csv,71fcdd2098679b3f871ba6e94e9b21cf13e948359ec0b31aaa2733a3faf97b5a
public_stream,data\public\claude_rep_21_public.csv,245a29aa68d2ed2aa671e12067329584d95ddfefeada03f215ba6207923ad9aa
source,external_source\llm_independent_claude_rep_22.csv,b9f6cf04de68ac5c84d9cffca1d2f23632eb43da13ffcf3b05d339116d02ce9a
public_stream,data\public\claude_rep_22_public.csv,5c38a163d47656133ab5b1dd491195c54b6b12f0cea6af9dfdbfb6ead20dcb7d
source,external_source\llm_independent_claude_rep_23.csv,124a68e0042cccd4f3d14ff470e57a191caa950514edd21ddf456c4533185473
public_stream,data\public\claude_rep_23_public.csv,30773766f340497420b207b5bf378a97d4343272dd86687abf21c8bcec916162
source,external_source\llm_independent_claude_rep_24.csv,086a07968ea276405143ff89cb041b0af866f66300b6d12a00d7c9e80b0199d3
public_stream,data\public\claude_rep_24_public.csv,ce57bc8a3cc52c4e0b0f49568e4dc94ad2889130dbbc2a43f774530f5f7fc03c
source,external_source\llm_independent_claude_rep_25.csv,7f58524361484389a202eea0a289724cb4fe4d294dce751acc2cfac3cb229a52
public_stream,data\public\claude_rep_25_public.csv,47bc9aaf911a8f85f603e1bf73767d89d0e28df78fde5076e83d6047f8581a60
source,external_source\llm_independent_claude_rep_26.csv,59066c2479546c592a74a34247f2d53b954814b9f46930ae9e48dd6e6bb8d237
public_stream,data\public\claude_rep_26_public.csv,74d390b85c3011450d54efe3e27037946e8a85c1e98fcd3deeb591da9955408b
source,external_source\llm_independent_claude_rep_27.csv,7f91d7d710d42392e82e18fa512d3c79b80467c388a046ffe29df992b099ce4c
public_stream,data\public\claude_rep_27_public.csv,8e6324ca0545c765818161c019176a85e9724a1bda6c350d1a720bfccc0cbffd
source,external_source\llm_independent_claude_rep_28.csv,d98c2fe5c7c1563e6091e9e79355fc10bb10fdf0030fdc164f5f999d98385e5c
public_stream,data\public\claude_rep_28_public.csv,8011a69b97e0c7d3199644367dd547a484c58c92caf1e6c0df77a477cacdfb3d
source,external_source\llm_independent_claude_rep_29.csv,c53d5090398e74df47310dd20cce288b2a7b6df8654fde0ea42a92fbc491c5d7
public_stream,data\public\claude_rep_29_public.csv,a9a37b069e8d1fe5b3a29f44926e97467465eb4227fe9ff131fd35646e3a4b57
source,external_source\llm_independent_claude_rep_30.csv,cac459bc3d7bd5aac510a59935a26131976b260a3e934e43d2f72a3a00467b98
public_stream,data\public\claude_rep_30_public.csv,a77db69dd952d3b6a55ef48e850de52c90f85d10812108c51cda13e29af529b6
source,external_source\llm_independent_gpt_rep_01.csv,4ea6c36b2814180fa8420ce7903d8311f92784ffacf376b77e776137534135c4
public_stream,data\public\gpt_rep_01_public.csv,103a2f502180832ac5abcc3e4534e2de05fea23e2125e7b25adccc8bc9f9ae0d
source,external_source\llm_independent_gpt_rep_02.csv,d7b10a0735e89b8a9e69cc3bf2689ee0a148f337ef7bb0086cafcb580804c60a
public_stream,data\public\gpt_rep_02_public.csv,e0a1d1c51a15dadb4bf674daefc1ca2b7651fb535e6e37ec213bc5f323ab75d8
source,external_source\llm_independent_gpt_rep_03.csv,b797d578d3e918db719eeab14f02d67b9badbd4e7e79a7c3a6e5ee721b3b90de
public_stream,data\public\gpt_rep_03_public.csv,c74108da3c7992c96839490025592f2f77cbb042b103086cdb7b3aa2e88a329d
source,external_source\llm_independent_gpt_rep_04.csv,d7f10989e16cdca43d9fae82418573e53e884c4cbc2f65191c2be006549d60b3
public_stream,data\public\gpt_rep_04_public.csv,fa676df538dc0f22f1b33703f8cd214b912bbf432eaec49b6a0078d10e0a68cc
source,external_source\llm_independent_gpt_rep_05.csv,229e50604c83bf8f0be1be2a9659ce1a6b6c07cba7a68a66f4eab37e8903b924
public_stream,data\public\gpt_rep_05_public.csv,5946c1120b8d59b145cc370b7ff7cba992ebdf7ca263bad2f189cfb92022b4c2
source,external_source\llm_independent_gpt_rep_06.csv,ff32a8600fe0bf6bb53134e55c889fc4b80e65a6377ae7afb0730314b0482833
public_stream,data\public\gpt_rep_06_public.csv,f5c4bb570f58be7849f0783cae7681f6d331ad025a25509f1d89b7bf460e21f6
source,external_source\llm_independent_gpt_rep_07.csv,0001cd0ab65c08b8ddaf9d34c7d7bfedd6d268ff0096f692b4a605bc70bf7252
public_stream,data\public\gpt_rep_07_public.csv,fed73004ca45920079eb35320070f5ae465cf025105fd83f2a60cb5664887c70
source,external_source\llm_independent_gpt_rep_08.csv,2629c4aae1dbc47c72b3b0c0860cc0d63fc9d23bce06fbcade428778833d0639
public_stream,data\public\gpt_rep_08_public.csv,499e8c51731dc742fd9e1d0a525e29fafec188e25c8d9d215a3996c7ad6a26ec
source,external_source\llm_independent_gpt_rep_09.csv,bfbfea70b385355e3210601c6ed0a81a9c1392815cccbd9fb1fb9ee1815d3ccf
public_stream,data\public\gpt_rep_09_public.csv,94ac5183f47ba4c083b0d531eb831d8282832341e67101ef091e5fa61e48ffb8
source,external_source\llm_independent_gpt_rep_10.csv,add89207a280f0f5a3f360ae07b8668f2c4e83048dd373f97b82fdd9e21187fb
public_stream,data\public\gpt_rep_10_public.csv,919c72df57684b113bae87b986c9cfb907de087d4133fe836f17a816d35b6e67
source,external_source\llm_independent_gpt_rep_11.csv,d72d2f29e2b6069b3f671ac0d55303285a65035d3eac27506a3b50238cbf0d1b
public_stream,data\public\gpt_rep_11_public.csv,dfeaf38ff09069595c7d57647cfa72a939980aa52a2a0828b884debea16e0bf7
source,external_source\llm_independent_gpt_rep_12.csv,96348b467f5a57e7572209bfd0e28d0d9ccbbd4d6cf5028b250488371ad80284
public_stream,data\public\gpt_rep_12_public.csv,013476e16f9c5b08fad44609b6e2a890f280c62c8e180d269dbbd11cbc10879d
source,external_source\llm_independent_gpt_rep_13.csv,362215ce59b12e832bbaeae2ec3a8b85507c7d6e5b1c28deafa736b33b2590de
public_stream,data\public\gpt_rep_13_public.csv,0576daade0dd8c840b80e8393612a7e1903568b6d30ba6cadc6c29d4fc3c5653
source,external_source\llm_independent_gpt_rep_14.csv,5149e782c675c69d80fbfcb46ec6965198315020e922b561b9160e57ae1dfb9b
public_stream,data\public\gpt_rep_14_public.csv,98a1af5a99bdb6dfa0c7a0589695e981012d8b2bc33128d78b1a8d0b11b5a9f0
source,external_source\llm_independent_gpt_rep_15.csv,225231c765a46ea5e3f0f1badf97b8e0af88845f7aa465b07471eb01a7fcae02
public_stream,data\public\gpt_rep_15_public.csv,d1cdfdceef032dd8e95d22ca602cbce9fb34c34253402f468714b53cccd76df6
source,external_source\llm_independent_gpt_rep_16.csv,63d305c29b298c5c7a64e4ad29cbde0da1adf7ce4a512354b0bfc5917cda4dde
public_stream,data\public\gpt_rep_16_public.csv,58259b496292abaaf66ce2eb0ed93f79420701b1e44dc1ceba68e4ba971cd456
source,external_source\llm_independent_gpt_rep_17.csv,3a74bdc3700417f997eb1f0fdb0c0054674cae3bb856f6567eb67b36b90a576e
public_stream,data\public\gpt_rep_17_public.csv,c3ed17c4272d8481f332291ae58cd8feadbce0d93eaafa2afb4567b5516b1248
source,external_source\llm_independent_gpt_rep_18.csv,ecd7a93abe747030262c81c9fdfa47d45907fa974f9432042f57aee8646347f3
public_stream,data\public\gpt_rep_18_public.csv,966977e4a90db3945bd7c186ba93ddd8259f3060e244cafa11913174a0d02f41
source,external_source\llm_independent_gpt_rep_19.csv,d4dc8344729c28d13d6533ee8c10808725b4345a805f366687872973608df770
public_stream,data\public\gpt_rep_19_public.csv,2f03010d20e518d9243d6a3a666a646a44e557c1b069386707a0e702e3cad029
source,external_source\llm_independent_gpt_rep_20.csv,eb8776342805e239f57155a98848b620549fb703e73e9e3a950cf413a4b805a8
public_stream,data\public\gpt_rep_20_public.csv,f7091e3f7f613a0a31978ca0089ac86932a01e526dd63885628c0c7b505a4407
source,external_source\llm_independent_gpt_rep_21.csv,52affe7ccdb47e4679f0c24ba4548bc662d3512dab1b6cc360a3e782b4a6f181
public_stream,data\public\gpt_rep_21_public.csv,55a93fa83978d0252cb66f27f3c90fb393e6bcd38b7cd7dc3d2773cdafb5fa47
source,external_source\llm_independent_gpt_rep_22.csv,0f2dc307257796b2397837758d2f70f6278d3364b423458c35fa643634cc31ba
public_stream,data\public\gpt_rep_22_public.csv,ac542d7527a29ffdd9702b713d40f40fb619786e201b282c4cf150bbb6d8a048
source,external_source\llm_independent_gpt_rep_23.csv,76aab77cf27180149eb6d1715ce8ce060d3e500265d9d65672f1444ed7a27b83
public_stream,data\public\gpt_rep_23_public.csv,b13f50fa87ca79b02f3a51e600e0be8f5858599d20233763e6e4867f5701a3c6
source,external_source\llm_independent_gpt_rep_24.csv,140172b751320c055feb2d96a4a6d5ead3fbab8f488576ec07d593fe702684bf
public_stream,data\public\gpt_rep_24_public.csv,bd85e09567123c2910bd2a3d78a876b16f5467e2b994a7ff889da327371bfb4f
source,external_source\llm_independent_gpt_rep_25.csv,3b37c9cdd3bc219a487be7ea1f4351bcc679e11080ea17721be7efc8f2bc4f58
public_stream,data\public\gpt_rep_25_public.csv,fe40296675adb285f94bdac69385133f9696a4c788c70c36adf8e8c34b00439f
source,external_source\llm_independent_gpt_rep_26.csv,683dff5a20d46e586b98dc73a2703529865306f6b9a44577feaec97dee192a2a
public_stream,data\public\gpt_rep_26_public.csv,af8b1a8e7f4f701052016646cb95ce13e843ae8bd5778d4b2115e91d09fd4274
source,external_source\llm_independent_gpt_rep_27.csv,2cdee97c13bd721e114a8ce4e1faf5daf97fa237cb350d38021bca6395b495dd
public_stream,data\public\gpt_rep_27_public.csv,85fa8eb2050586e817d6025d8fa6811557810a79740d1a1307bbeb37f85231c3
source,external_source\llm_independent_gpt_rep_28.csv,190469ac9996f05026b879919e2044090cc3bb4ee2d10a56a619f6d45eb68838
public_stream,data\public\gpt_rep_28_public.csv,18266ae26d16331ac0f96b171263591a763aac03a17a3d28cae9312c2ade6bd0
source,external_source\llm_independent_gpt_rep_29.csv,0333122b1216bd8f30f4ad4e3fe589e3ba3dba880a6afd26304b0e68d0ab06a2
public_stream,data\public\gpt_rep_29_public.csv,7983187eefa5639db49c1fa7f97339f321f20a76afaaecb27142f95f9f526a35
source,external_source\llm_independent_gpt_rep_30.csv,35befc9d5fbcb486ed4f3f0536d1e0cf3d1cc951957d87a6b30e371a5bf1db21
public_stream,data\public\gpt_rep_30_public.csv,48a761fba39ed6336073eae3830852a8d67db79df55bb751c8c7433d12a9a1c7
ground_truth,data\ground_truth\wcst_ground_truth.csv,5da7e3476e4b8d0de408edfdbb8b09e1e25c5c721bf5a98bafdf8ea944f05ba8
